{"meta": {"type": "youtube_comment", "comment_id": "UgxBgdS-n_5mkqYT6Qx4AaABAg", "reply_count": 1, "like_count": 14, "video_id": "7lsj4mBU4_s", "channel": "eΠερίπολος", "video_title": "Μετανάστες σταματούν και ελέγχουν Έλληνες οδηγούς στην εθνική οδό", "video_desc": "Μετανάστες που έχουν κλείσει την εθνική οδό ζητούν ταυτότητα από τους οδηγούς ! Σκηνές απείρου κάλλους στην εθνική, στο σημείο του Πολυκάστρου, όπου ...", "author_id": {"value": "UCkfRS056iuMSHvveCwX5CTg"}, "author_name": "Βασιλης Κ.", "rating": "none", "date": "2018-12-22T15:45:32Z"}, "text": "ΤΙ ΝΟ ΡΕ??ΔΕΝ ΤΟΝ ΑΦΗΝΕΙ ΝΑ ΠΕΡΑΣΕΙ ΑΠΟ ΔΡΟΜΟ ΣΤΗΝ ΧΩΡΑ ΤΟΥ...Ο ΟΔΗΓΟΣ ΣΩΣΤΟΤΑΤΟΣ ΘΑ ΠΑΕΙ ΑΠΟ ΑΛΛΟΥ ΑΛΛΑ ΕΚΕΙ ΘΕΛΕΙ ΝΑ ΤΟΥΣ ΠΑΤΗΣΕΙ ΜΕ ΤΗΝ ΝΤΑΛΙΚΑ"}
{"meta": {"type": "youtube_comment", "comment_id": "Ugw70KYLqQCeQ9EEgUR4AaABAg", "reply_count": 2, "like_count": 17, "video_id": "7lsj4mBU4_s", "channel": "eΠερίπολος", "video_title": "Μετανάστες σταματούν και ελέγχουν Έλληνες οδηγούς στην εθνική οδό", "video_desc": "Μετανάστες που έχουν κλείσει την εθνική οδό ζητούν ταυτότητα από τους οδηγούς ! Σκηνές απείρου κάλλους στην εθνική, στο σημείο του Πολυκάστρου, όπου ...", "author_id": {"value": "UCHltt4w8h4rmLJRwrlJlyow"}, "author_name": "s z", "rating": "none", "date": "2019-09-03T20:35:19Z"}, "text": "αμα παρει φορα ενα φορτηγο και τους γαμησει θα τον κλεισουν μεσα.... ΕΧΟΥΝ ΔΙΚΑΩΜΑΤΑ ΟΙ ΕΙΣΒΟΛΕΙΣ ΚΑΙ ΟΧΙ ΟΙ ΕΛΛΗΝΕΣ..... ΣΥΝΕΧΙΣΤΕ ... ΚΑΙ ΟΤΑΝ ΘΑ ΠΑΡΟΥΜΕ ΦΟΡΑ ΘΑ ΚΑΤΑΛΑΒΕΤΕ ......"}
{"meta": {"type": "youtube_comment", "comment_id": "UgwulFeKkg6u5P6Q8Wh4AaABAg", "reply_count": 0, "like_count": 8, "video_id": "7lsj4mBU4_s", "channel": "eΠερίπολος", "video_title": "Μετανάστες σταματούν και ελέγχουν Έλληνες οδηγούς στην εθνική οδό", "video_desc": "Μετανάστες που έχουν κλείσει την εθνική οδό ζητούν ταυτότητα από τους οδηγούς ! Σκηνές απείρου κάλλους στην εθνική, στο σημείο του Πολυκάστρου, όπου ...", "author_id": {"value": "UCj4ODhCXz1PGHMlHGE54U2w"}, "author_name": "Magic icon", "rating": "none", "date": "2019-10-06T12:34:32Z"}, "text": "O malakas o dalikeris anti na tou xosi kanena mpounidi tou pithikou tou dixni  tin taftotita"}
{"meta": {"type": "youtube_comment", "comment_id": "Ugw-NtcT3xM-ApFTaKx4AaABAg", "reply_count": 1, "like_count": 13, "video_id": "7lsj4mBU4_s", "channel": "eΠερίπολος", "video_title": "Μετανάστες σταματούν και ελέγχουν Έλληνες οδηγούς στην εθνική οδό", "video_desc": "Μετανάστες που έχουν κλείσει την εθνική οδό ζητούν ταυτότητα από τους οδηγούς ! Σκηνές απείρου κάλλους στην εθνική, στο σημείο του Πολυκάστρου, όπου ...", "author_id": {"value": "UC4bZ4RNL21HpD3PNq4w_uMQ"}, "author_name": "Δημητριος Πασχος", "rating": "none", "date": "2018-09-10T09:00:13Z"}, "text": "ΜΙΑ ΑΝΙΚΑΝΗ ΑΣΤΥΝΟΜΙΑ ΟΠΩΣ ΚΑΙ ΜΙΑ ΑΝΙΚΑΝΗ ΚΥΒΕΡΝΗΣΗ ΠΟΥ ΓΟΝΑΤΊΖΕΙ ΤΟΥΣ ΕΛΛΗΝΕΣ  ΚΑΙ ΣΤΗΡΙΖΕΙ ΤΟΥ ΛΑΘΡΟΜΕΤΑΝΑΣΤΕΣ ΜΕ ΟΛΑ ΤΑ ΑΊΣΧΗ ΠΟΥ ΚΑΝΟΥΝ ΑΥΤΗ Η ΚΥΒΕΡΝΗΣΗ ΜΑΣ ΔΙΑΛΥΕΙ ΤΗ ΧΩΡΑ"}
{"meta": {"type": "youtube_comment", "comment_id": "UgxrF1DW6Sci1qZlgAt4AaABAg", "reply_count": 0, "like_count": 3, "video_id": "7lsj4mBU4_s", "channel": "eΠερίπολος", "video_title": "Μετανάστες σταματούν και ελέγχουν Έλληνες οδηγούς στην εθνική οδό", "video_desc": "Μετανάστες που έχουν κλείσει την εθνική οδό ζητούν ταυτότητα από τους οδηγούς ! Σκηνές απείρου κάλλους στην εθνική, στο σημείο του Πολυκάστρου, όπου ...", "author_id": {"value": "UCU0-levhgMq2l2I4aMHQG6A"}, "author_name": "Nikos fotiadis", "rating": "none", "date": "2020-04-17T12:10:32Z"}, "text": "Η απόλυτη ξεφτίλα.....ΟΧΙ στην ισλαμοποίηση της ΕΛΛΑΔΑΣ, άμεση Α Π Ε  Λ  Α  Σ  Η"}
{"meta": {"type": "youtube_comment", "comment_id": "UgzgDcjVW_u_afHztM54AaABAg", "reply_count": 2, "like_count": 9, "video_id": "7lsj4mBU4_s", "channel": "eΠερίπολος", "video_title": "Μετανάστες σταματούν και ελέγχουν Έλληνες οδηγούς στην εθνική οδό", "video_desc": "Μετανάστες που έχουν κλείσει την εθνική οδό ζητούν ταυτότητα από τους οδηγούς ! Σκηνές απείρου κάλλους στην εθνική, στο σημείο του Πολυκάστρου, όπου ...", "author_id": {"value": "UC7Xj5zIpVu9Ad48R45EsMjQ"}, "author_name": "Petros Mario’s", "rating": "none", "date": "2019-07-29T10:39:42Z"}, "text": "Όπουδειτε αδέρφια ξένο γεμηστε τον χτυπήστε τον μέχρι να ψωφησει μη σκέφτεστε πως είναι άνθρωποι και έχουν ανάγκη , βρωμερά σκουπίδια ειναι"}
{"meta": {"type": "youtube_comment", "comment_id": "UgwyZSOpJdH_ifioV114AaABAg", "reply_count": 0, "like_count": 6, "video_id": "7lsj4mBU4_s", "channel": "eΠερίπολος", "video_title": "Μετανάστες σταματούν και ελέγχουν Έλληνες οδηγούς στην εθνική οδό", "video_desc": "Μετανάστες που έχουν κλείσει την εθνική οδό ζητούν ταυτότητα από τους οδηγούς ! Σκηνές απείρου κάλλους στην εθνική, στο σημείο του Πολυκάστρου, όπου ...", "author_id": {"value": "UCrJCO4csdlE0PBriDS6JTpg"}, "author_name": "ΚΩΝΣΤΑΝΤΊΝΟΣ ΤΣΑΡΤΣΆΛΗΣ", "rating": "none", "date": "2020-03-15T22:51:41Z"}, "text": "Βρε να πεθάνετε όλοι οι πρόσφυγες"}
{"meta": {"type": "youtube_comment", "comment_id": "UgyDabE0xfmHaNrTUOl4AaABAg", "reply_count": 0, "like_count": 6, "video_id": "7lsj4mBU4_s", "channel": "eΠερίπολος", "video_title": "Μετανάστες σταματούν και ελέγχουν Έλληνες οδηγούς στην εθνική οδό", "video_desc": "Μετανάστες που έχουν κλείσει την εθνική οδό ζητούν ταυτότητα από τους οδηγούς ! Σκηνές απείρου κάλλους στην εθνική, στο σημείο του Πολυκάστρου, όπου ...", "author_id": {"value": "UCaQKnhFrsOyGNEQO1revpkA"}, "author_name": "James", "rating": "none", "date": "2019-02-13T01:12:38Z"}, "text": "Η Μεγαλη  ΞΕΦΤΙΛΑ στο Απογειο της"}
{"meta": {"type": "youtube_comment", "comment_id": "Ugy98JS_A58pTYpJjTx4AaABAg", "reply_count": 0, "like_count": 4, "video_id": "7lsj4mBU4_s", "channel": "eΠερίπολος", "video_title": "Μετανάστες σταματούν και ελέγχουν Έλληνες οδηγούς στην εθνική οδό", "video_desc": "Μετανάστες που έχουν κλείσει την εθνική οδό ζητούν ταυτότητα από τους οδηγούς ! Σκηνές απείρου κάλλους στην εθνική, στο σημείο του Πολυκάστρου, όπου ...", "author_id": {"value": "UCUsbNXIn4Ho8YRFRzmKmD5Q"}, "author_name": "Jennifer Cruz", "rating": "none", "date": "2020-02-29T10:13:21Z"}, "text": "Περιμένουνε στα σύνορα στις Καστανιές τώρα ξανά (Φεβρουάριος 2020) για να μπούνε μέσα στην Ελλάδα τα κακόμοιρα τα προσφυγόπουλα. Και αν το προσέξετε είναι όλοι άμοιροι δυστυχισμένοι άνθρωποι. Νέοι άνδρες, από 18 μέχρι 29 χρονών, από το Αφγανιστάν, το Ιράν, το Πακιστάν, το Μπαγκλαντές... Καμιά φορά πετάνε και καμιά πέτρα στους έλληνες συνοριοφύλακες από τη δυστυχία τους, ενώ λόγω των αντίξοων συνθηκών που επικρατούν συνδέονται και με το πενιχρό τους iPhone ώστε να δημοσιοποιήσουν το μεγάλο τους πρόβλημα. Η λύση είναι μία παιδιά, ανοίξτε τα σύνορα. Η Ελλάδα δεν είναι χώρα. Είναι ένας χώρος στον οποίον μπαίνει όποιος θέλει και κάνει ό,τι θέλει. Πρώτος εγώ θα φιλοξενήσω καμιά δεκαριά από αυτά τα καημένα προσφυγόπουλα που είναι μόλις 20 χρονών. Η γυναίκα μου μόλις διάβασε τις ειδήσεις μου ζήτησε άδεια για να τους  κάτσει, εφόσον το επιθυμούν, μπας και απαλυνθεί λίγο οπόνος τους. Το ίδιο και η κόρη μου, κι ας είναι 15 χρονών και παρθένα."}
{"meta": {"type": "youtube_comment", "comment_id": "UgyxR_ZbjDpeqqmfFWd4AaABAg", "reply_count": 0, "like_count": 4, "video_id": "7lsj4mBU4_s", "channel": "eΠερίπολος", "video_title": "Μετανάστες σταματούν και ελέγχουν Έλληνες οδηγούς στην εθνική οδό", "video_desc": "Μετανάστες που έχουν κλείσει την εθνική οδό ζητούν ταυτότητα από τους οδηγούς ! Σκηνές απείρου κάλλους στην εθνική, στο σημείο του Πολυκάστρου, όπου ...", "author_id": {"value": "UCSekLe6xTFOfwbXtDzW7i3A"}, "author_name": "Tinger Channel", "rating": "none", "date": "2019-09-03T05:51:34Z"}, "text": "ΨΩΦΟ Σ ΑΥΤΑ ΤΑ ΣΚΟΥΠΙΔΙΑ ...…...…. ΔΕΝ ΠΡΕΠΕΙ ΝΑ ΤΟΥΣ ΛΥΠΗΘΟΥΜΕ ...……… ΠΡΕΠΕΙ ΝΑ ΟΥΣ ΣΚΟΤΩΣΟΥΜΕ ……… ΤΑ ΣΚΟΥΠΙΔΙΑ ΑΥΤΑ ΔΕ ΠΡΕΠΕΙ ΝΑΑ ΖΟΥΝΕ ……...ΟΠΟΥ ΔΕΙΤΕ ΑΥΤΟΥΣ ΠΑΡΤΕ ΤΟ ΝΟΜΟ ΣΤΑ ΧΕΡΑ ΣΑΣ...…….. ΘΑΝΑΤΟΣ ΜΟΛΥΝΟΥΝ ΤΗ ΧΩΡΑ ΜΑΣ ΑΥΤΑ ΤΑ ΣΚΟΥΠΙΔΙΑ"}
{"meta": {"type": "youtube_comment", "comment_id": "UgzKUiGiS_0xKA2tTzR4AaABAg", "reply_count": 0, "like_count": 3, "video_id": "7lsj4mBU4_s", "channel": "eΠερίπολος", "video_title": "Μετανάστες σταματούν και ελέγχουν Έλληνες οδηγούς στην εθνική οδό", "video_desc": "Μετανάστες που έχουν κλείσει την εθνική οδό ζητούν ταυτότητα από τους οδηγούς ! Σκηνές απείρου κάλλους στην εθνική, στο σημείο του Πολυκάστρου, όπου ...", "author_id": {"value": "UCWbRXZF7udwk_5oj1ePy6VQ"}, "author_name": "Nick Gr", "rating": "none", "date": "2019-07-05T06:44:16Z"}, "text": "Έχουμε και τους μαλακες τους διθεν  ρατσιστές να πάνε να τους ταίζουν"}
{"meta": {"type": "youtube_comment", "comment_id": "UgwBJXLadgWAJp-P1_l4AaABAg", "reply_count": 0, "like_count": 2, "video_id": "7lsj4mBU4_s", "channel": "eΠερίπολος", "video_title": "Μετανάστες σταματούν και ελέγχουν Έλληνες οδηγούς στην εθνική οδό", "video_desc": "Μετανάστες που έχουν κλείσει την εθνική οδό ζητούν ταυτότητα από τους οδηγούς ! Σκηνές απείρου κάλλους στην εθνική, στο σημείο του Πολυκάστρου, όπου ...", "author_id": {"value": "UCRw8Me3obab1a8MIsCjULyQ"}, "author_name": "papa Knoth", "rating": "none", "date": "2020-03-01T16:21:06Z"}, "text": "Πατειστε τους ρε"}
{"meta": {"type": "youtube_comment", "comment_id": "UgzAtRMK_4FalVKEaPN4AaABAg", "reply_count": 0, "like_count": 1, "video_id": "7lsj4mBU4_s", "channel": "eΠερίπολος", "video_title": "Μετανάστες σταματούν και ελέγχουν Έλληνες οδηγούς στην εθνική οδό", "video_desc": "Μετανάστες που έχουν κλείσει την εθνική οδό ζητούν ταυτότητα από τους οδηγούς ! Σκηνές απείρου κάλλους στην εθνική, στο σημείο του Πολυκάστρου, όπου ...", "author_id": {"value": "UCi448H-ZCb6t1a4EOwl19ig"}, "author_name": "panos yt38", "rating": "none", "date": "2020-05-20T20:14:02Z"}, "text": "πρέπει να τους διώξουμαι"}
{"meta": {"type": "youtube_comment", "comment_id": "Ugz0V8AwEq6SK4YxaP14AaABAg", "reply_count": 0, "like_count": 1, "video_id": "7lsj4mBU4_s", "channel": "eΠερίπολος", "video_title": "Μετανάστες σταματούν και ελέγχουν Έλληνες οδηγούς στην εθνική οδό", "video_desc": "Μετανάστες που έχουν κλείσει την εθνική οδό ζητούν ταυτότητα από τους οδηγούς ! Σκηνές απείρου κάλλους στην εθνική, στο σημείο του Πολυκάστρου, όπου ...", "author_id": {"value": "UCqNXKaFTNCaOVnXq4emsdtg"}, "author_name": "Greek Patriot", "rating": "none", "date": "2020-08-17T20:16:35Z"}, "text": "Δεν τους πατάς με την νταλίκα λέω γω"}
{"meta": {"type": "youtube_comment", "comment_id": "Ugx98S1jJhBtVYoqgG94AaABAg", "reply_count": 0, "like_count": 0, "video_id": "7lsj4mBU4_s", "channel": "eΠερίπολος", "video_title": "Μετανάστες σταματούν και ελέγχουν Έλληνες οδηγούς στην εθνική οδό", "video_desc": "Μετανάστες που έχουν κλείσει την εθνική οδό ζητούν ταυτότητα από τους οδηγούς ! Σκηνές απείρου κάλλους στην εθνική, στο σημείο του Πολυκάστρου, όπου ...", "author_id": {"value": "UC92_FiPoIeXQv_ysrHz7PEg"}, "author_name": "grigoris zikouridis", "rating": "none", "date": "2020-08-29T06:56:47Z"}, "text": "Αγαπημένε μου γείτονα και αδερφέ δυστυχως εφυγες😢  αιώνια σου ή μνήμη.."}
{"meta": {"type": "youtube_comment", "comment_id": "Ugw2W-UkavANayJr7Th4AaABAg", "reply_count": 0, "like_count": 1, "video_id": "7lsj4mBU4_s", "channel": "eΠερίπολος", "video_title": "Μετανάστες σταματούν και ελέγχουν Έλληνες οδηγούς στην εθνική οδό", "video_desc": "Μετανάστες που έχουν κλείσει την εθνική οδό ζητούν ταυτότητα από τους οδηγούς ! Σκηνές απείρου κάλλους στην εθνική, στο σημείο του Πολυκάστρου, όπου ...", "author_id": {"value": "UCh1WjKGh2yeb-J9c3P1Okyw"}, "author_name": "molon Lave ksexaseto", "rating": "none", "date": "2019-11-20T00:11:56Z"}, "text": "aftos kapote elege Molon lave😂😂tora parakalai ellines kotes"}
{"meta": {"type": "youtube_comment", "comment_id": "UgwayMYpNXl3Dxqc2bl4AaABAg", "reply_count": 0, "like_count": 0, "video_id": "7lsj4mBU4_s", "channel": "eΠερίπολος", "video_title": "Μετανάστες σταματούν και ελέγχουν Έλληνες οδηγούς στην εθνική οδό", "video_desc": "Μετανάστες που έχουν κλείσει την εθνική οδό ζητούν ταυτότητα από τους οδηγούς ! Σκηνές απείρου κάλλους στην εθνική, στο σημείο του Πολυκάστρου, όπου ...", "author_id": {"value": "UC2W-mfBLBXZRGhzQzmOv_UQ"}, "author_name": "Κατασκευή Ιστοσελίδων Eshop", "rating": "none", "date": "2020-04-26T16:43:40Z"}, "text": "μάζεμα κλούβα και δρόμο"}
{"meta": {"type": "youtube_comment", "comment_id": "UgyeuuQGv5shaf3LZxx4AaABAg", "reply_count": 0, "like_count": 0, "video_id": "7lsj4mBU4_s", "channel": "eΠερίπολος", "video_title": "Μετανάστες σταματούν και ελέγχουν Έλληνες οδηγούς στην εθνική οδό", "video_desc": "Μετανάστες που έχουν κλείσει την εθνική οδό ζητούν ταυτότητα από τους οδηγούς ! Σκηνές απείρου κάλλους στην εθνική, στο σημείο του Πολυκάστρου, όπου ...", "author_id": {"value": "UCvxsSBh-vYE3tr8RITxd1Zw"}, "author_name": "Fr Pride", "rating": "none", "date": "2020-07-03T22:17:13Z"}, "text": "Αν ήταν διαφορετικά τα πράγματα έπρεπε να  τους πατούσε και να  είχαμε 10 νεκρούς και 20 άσχημα τραυματίες με μονιμη αναπηρία! Εκεί να τους έβλεπα πως θα αντιδρουσαν...."}
{"meta": {"type": "youtube_comment", "comment_id": "Ugzi8huv68SflBOppEF4AaABAg", "reply_count": 9, "like_count": 5, "video_id": "7lsj4mBU4_s", "channel": "eΠερίπολος", "video_title": "Μετανάστες σταματούν και ελέγχουν Έλληνες οδηγούς στην εθνική οδό", "video_desc": "Μετανάστες που έχουν κλείσει την εθνική οδό ζητούν ταυτότητα από τους οδηγούς ! Σκηνές απείρου κάλλους στην εθνική, στο σημείο του Πολυκάστρου, όπου ...", "author_id": {"value": "UCQDLYmB_YGoSJuw8abjB6-g"}, "author_name": "Captain Sar", "rating": "none", "date": "2019-09-07T18:23:25Z"}, "text": "Χρυσή Αυγή για να σωθούμε!"}
{"meta": {"type": "youtube_comment", "comment_id": "UgxEbGAMPuS_rX2VTGh4AaABAg", "reply_count": 1, "like_count": 0, "video_id": "7lsj4mBU4_s", "channel": "eΠερίπολος", "video_title": "Μετανάστες σταματούν και ελέγχουν Έλληνες οδηγούς στην εθνική οδό", "video_desc": "Μετανάστες που έχουν κλείσει την εθνική οδό ζητούν ταυτότητα από τους οδηγούς ! Σκηνές απείρου κάλλους στην εθνική, στο σημείο του Πολυκάστρου, όπου ...", "author_id": {"value": "UC4XbdDT9JvnjZOsz-e_tAgQ"}, "author_name": "Mr. West Side", "rating": "none", "date": "2019-02-06T16:05:26Z"}, "text": "2:08 με τους μαύρους λέει ο γελοίος"}
{"meta": {"type": "youtube_comment", "comment_id": "UgzR2t-sBmmjZX-St7h4AaABAg", "reply_count": 0, "like_count": 11, "video_id": "GOJE6CkJW8k", "channel": "GreekLPs", "video_title": "ΜΕΤΑΝΑΣΤΕΣ -Γιάννης Μαρκόπουλος(1974)(full)", "video_desc": "Σπουδαίος δίσκος του Γιάννη Μαρκόπουλου σε στίχους του Γιώργου Σκούρτη με βασικούς ερμηνευτές τη Βίκυ Μοσχολιού και το Λάκη Χαλκιά.Βασικό του θέμα ...", "author_id": {"value": "UCwvQeQCRdtUOmTURAORhcoA"}, "author_name": "Christos Tsingis", "rating": "none", "date": "2018-11-19T15:25:14Z"}, "text": "Στη μνήμη του Γιώργου Σκουρτη που μας έφυγε. ΑΙΩΝΙΑ ΤΟΥ Η ΜΝΗΜΗ\nΔίσκος διαμάντι με υπέροχους συντελεστές. \nΑπό την Κύπρο με σεβασμό. \nΧΡΉΣΤΟΣ ΤΣΙΓΚΗΣ ΛΕΜΕΣΌΣ ΚΎΠΡΟΣ Στιχουργός και ερμηνευτής"}
{"meta": {"type": "youtube_comment", "comment_id": "Ugy0mBYYnxW9BjjlSKt4AaABAg", "reply_count": 1, "like_count": 11, "video_id": "GOJE6CkJW8k", "channel": "GreekLPs", "video_title": "ΜΕΤΑΝΑΣΤΕΣ -Γιάννης Μαρκόπουλος(1974)(full)", "video_desc": "Σπουδαίος δίσκος του Γιάννη Μαρκόπουλου σε στίχους του Γιώργου Σκούρτη με βασικούς ερμηνευτές τη Βίκυ Μοσχολιού και το Λάκη Χαλκιά.Βασικό του θέμα ...", "author_id": {"value": "UCQ23wjTz3vX5lnt4yqOnjqA"}, "author_name": "Kety Melissari", "rating": "none", "date": "2017-11-20T07:46:18Z"}, "text": "Σπουδαίος δίσκος, έχω παιδιά έξω και κλαίω οταν τον ακούω"}
{"meta": {"type": "youtube_comment", "comment_id": "UgxKfzPVjem-InarwgZ4AaABAg", "reply_count": 0, "like_count": 4, "video_id": "GOJE6CkJW8k", "channel": "GreekLPs", "video_title": "ΜΕΤΑΝΑΣΤΕΣ -Γιάννης Μαρκόπουλος(1974)(full)", "video_desc": "Σπουδαίος δίσκος του Γιάννη Μαρκόπουλου σε στίχους του Γιώργου Σκούρτη με βασικούς ερμηνευτές τη Βίκυ Μοσχολιού και το Λάκη Χαλκιά.Βασικό του θέμα ...", "author_id": {"value": "UCbR3QER0B__5jGM_QKJrxAQ"}, "author_name": "Γιάννης Τζιμουράγκας", "rating": "none", "date": "2019-06-26T06:41:19Z"}, "text": "Όλος ο δίσκος καλός αλλά  το μιλώ για παιδιά μου με την Μοσχολιού ανατριχιαζεις και βουρκονεις."}
{"meta": {"type": "youtube_comment", "comment_id": "Uggs3fA9dxFIu3gCoAEC", "reply_count": 0, "like_count": 16, "video_id": "GOJE6CkJW8k", "channel": "GreekLPs", "video_title": "ΜΕΤΑΝΑΣΤΕΣ -Γιάννης Μαρκόπουλος(1974)(full)", "video_desc": "Σπουδαίος δίσκος του Γιάννη Μαρκόπουλου σε στίχους του Γιώργου Σκούρτη με βασικούς ερμηνευτές τη Βίκυ Μοσχολιού και το Λάκη Χαλκιά.Βασικό του θέμα ...", "author_id": {"value": "UCdkHkhqpWmXR62XogqIBj8A"}, "author_name": "Γιάννης Μητρόπουλος", "rating": "none", "date": "2015-04-06T17:56:58Z"}, "text": "Τι δισκάρα είναι αυτή!Εκπληκτική μουσική και ερμηνεία.Κάποτε δεν υπήρχε ημέρα που να μην τον ακούω.Μπράβο στο ανέβασμα."}
{"meta": {"type": "youtube_comment", "comment_id": "UgiFkzD9OIjYU3gCoAEC", "reply_count": 0, "like_count": 5, "video_id": "GOJE6CkJW8k", "channel": "GreekLPs", "video_title": "ΜΕΤΑΝΑΣΤΕΣ -Γιάννης Μαρκόπουλος(1974)(full)", "video_desc": "Σπουδαίος δίσκος του Γιάννη Μαρκόπουλου σε στίχους του Γιώργου Σκούρτη με βασικούς ερμηνευτές τη Βίκυ Μοσχολιού και το Λάκη Χαλκιά.Βασικό του θέμα ...", "author_id": {"value": "UC552f1XuuF3VxV4wRyoY6Iw"}, "author_name": "jackoseventeen", "rating": "none", "date": "2017-06-09T21:30:24Z"}, "text": "one of the greatest albums ... heartbreaking"}
{"meta": {"type": "youtube_comment", "comment_id": "UghKP-UUzF0eXngCoAEC", "reply_count": 0, "like_count": 6, "video_id": "GOJE6CkJW8k", "channel": "GreekLPs", "video_title": "ΜΕΤΑΝΑΣΤΕΣ -Γιάννης Μαρκόπουλος(1974)(full)", "video_desc": "Σπουδαίος δίσκος του Γιάννη Μαρκόπουλου σε στίχους του Γιώργου Σκούρτη με βασικούς ερμηνευτές τη Βίκυ Μοσχολιού και το Λάκη Χαλκιά.Βασικό του θέμα ...", "author_id": {"value": "UCdD8trI9U68nTk1Vj_aLqRA"}, "author_name": "Heather Yovanoff", "rating": "none", "date": "2016-03-01T21:11:20Z"}, "text": "Wonderful music - very sad words.  Unforgettable.  Bravo."}
{"meta": {"type": "youtube_comment", "comment_id": "UgyBvocrInXnX6lE_0V4AaABAg", "reply_count": 2, "like_count": 7, "video_id": "GOJE6CkJW8k", "channel": "GreekLPs", "video_title": "ΜΕΤΑΝΑΣΤΕΣ -Γιάννης Μαρκόπουλος(1974)(full)", "video_desc": "Σπουδαίος δίσκος του Γιάννη Μαρκόπουλου σε στίχους του Γιώργου Σκούρτη με βασικούς ερμηνευτές τη Βίκυ Μοσχολιού και το Λάκη Χαλκιά.Βασικό του θέμα ...", "author_id": {"value": "UCvETxytz4IbCdUW2sWcAytg"}, "author_name": "ΤΖΩΝΗ ΓΙΟΥΜΑ", "rating": "none", "date": "2019-01-18T14:57:34Z"}, "text": "ΣΤΗ ΒΑΡΔΙΑ 2-10 ΛΕΕΙ ΔΗΛ. 8ΩΡΟ. ΣΗΜΕΡΑ ΠΟΥ ΕΙΝΑΙ ΤΟ 8ΩΡΟ? ΔΕΥΤΕΡΑ ΜΕ ΠΑΡΑΣΚΕΥΗ ΔΗΛ. ΠΕΝΘΗΜΕΡΟ ΣΗΜΕΡΑ ΠΟΥ ΕΙΝΑΙ ΤΟ ΠΕΝΘΗΜΕΡΟ? ΠΕΡΙΓΡΑΦΕΙ ΠΟΛΥ ΣΩΣΤΑ Ο ΣΚΟΥΡΤΗΣ ΤΗΝ ΚΑΤΑΣΤΑΣΗ ΤΟΤΕ ΩΣΤΟΣΟ ΟΙ ΕΡΓΑΤΕΣ ΕΙΧΑΝ ΚΑΠΟΙΕΣ ΚΑΤΑΚΤΗΣΕΙΣ ΛΟΓΩ ΑΓΩΝΩΝ ΛΟΓΩ ΣΟΒ. ΕΝΩΣΗΣ ΚΑΙ Ο ΚΑΠΙΤΑΛΙΣΜΟΣ ΗΤΑΝ ΣΤΑ ΕΠΑΝΩ ΤΟΥ. ΣΗΜΕΡΑ ΤΑ ΠΗΡΑΝ ΟΛΑ ΠΙΣΩ ΚΑΙ ΑΚΟΜΑ ΔΕΝ ΕΧΟΥΜΕ ΔΕΙ ΤΙΠΟΤΑ"}
{"meta": {"type": "youtube_comment", "comment_id": "UgzvRqH9hn_tqi4XWVF4AaABAg", "reply_count": 0, "like_count": 4, "video_id": "GOJE6CkJW8k", "channel": "GreekLPs", "video_title": "ΜΕΤΑΝΑΣΤΕΣ -Γιάννης Μαρκόπουλος(1974)(full)", "video_desc": "Σπουδαίος δίσκος του Γιάννη Μαρκόπουλου σε στίχους του Γιώργου Σκούρτη με βασικούς ερμηνευτές τη Βίκυ Μοσχολιού και το Λάκη Χαλκιά.Βασικό του θέμα ...", "author_id": {"value": "UCpdIOdvDyhlg8iXCym-SQQQ"}, "author_name": "kalesmeno21", "rating": "none", "date": "2018-01-03T09:14:22Z"}, "text": "Μαγεία....!!!!!!!!!!!!!!!!!!!!!!"}
{"meta": {"type": "youtube_comment", "comment_id": "UgyiMHX2cObu6US7u-54AaABAg", "reply_count": 1, "like_count": 6, "video_id": "GOJE6CkJW8k", "channel": "GreekLPs", "video_title": "ΜΕΤΑΝΑΣΤΕΣ -Γιάννης Μαρκόπουλος(1974)(full)", "video_desc": "Σπουδαίος δίσκος του Γιάννη Μαρκόπουλου σε στίχους του Γιώργου Σκούρτη με βασικούς ερμηνευτές τη Βίκυ Μοσχολιού και το Λάκη Χαλκιά.Βασικό του θέμα ...", "author_id": {"value": "UCvETxytz4IbCdUW2sWcAytg"}, "author_name": "ΤΖΩΝΗ ΓΙΟΥΜΑ", "rating": "none", "date": "2019-01-18T13:37:24Z"}, "text": "ΤΟ ΔΙΣΚΟ ΑΥΤΟ ΤΟΝ ΑΚΟΥΣΑ ΣΤΗΝ ΓΕΝΕΣΗ ΤΟΥ. ΤΟΝ ΑΚΟΥΓΑ ΚΑΙ ΤΟΝ ΞΑΝΑΚΟΥΓΑ ΘΥΜΑΜΑΙ ΤΟΤΕ ΚΑΙ ΔΕΝ ΤΟΝ ΧΟΡΤΕΝΑ. ΠΕΡΑΣΑΝ ΤΑ ΧΡΟΝΙΑ ΞΕΧΑΣΤΗΚΕ. ΤΟΝ ΑΝΑΚΑΛΥΨΑ ΤΩΡΑ ΠΑΛΙ ΜΕΣΩ ΤΟΥ YOUTUBE ΚΑΙ ΠΑΛΙ ΤΟ ΙΔΙΟ ΣΥΝΑΙΣΘΗΜΑ ΤΟΝ ΑΚΟΥΩ ΚΑΙ ΤΟΝ ΞΑΝΑΚΟΥΩ ΚΑΙ ΔΕΝ ΤΟΝ ΧΟΡΤΕΝΩ"}
{"meta": {"type": "youtube_comment", "comment_id": "Ugx7GuJGM88qH9wRry14AaABAg", "reply_count": 0, "like_count": 2, "video_id": "GOJE6CkJW8k", "channel": "GreekLPs", "video_title": "ΜΕΤΑΝΑΣΤΕΣ -Γιάννης Μαρκόπουλος(1974)(full)", "video_desc": "Σπουδαίος δίσκος του Γιάννη Μαρκόπουλου σε στίχους του Γιώργου Σκούρτη με βασικούς ερμηνευτές τη Βίκυ Μοσχολιού και το Λάκη Χαλκιά.Βασικό του θέμα ...", "author_id": {"value": "UC_8iJvszWAGDWkyxuKhmVaQ"}, "author_name": "Giorgos Sifakis - Simisakogiorgis", "rating": "none", "date": "2018-09-10T02:00:09Z"}, "text": "Διαχρονικος δισκος αφου η μεταναστευση στις μερες μας ειναι δτστυχως αναγκη για επιβιωση . ..."}
{"meta": {"type": "youtube_comment", "comment_id": "UggXFJ4PMV9npHgCoAEC", "reply_count": 0, "like_count": 3, "video_id": "GOJE6CkJW8k", "channel": "GreekLPs", "video_title": "ΜΕΤΑΝΑΣΤΕΣ -Γιάννης Μαρκόπουλος(1974)(full)", "video_desc": "Σπουδαίος δίσκος του Γιάννη Μαρκόπουλου σε στίχους του Γιώργου Σκούρτη με βασικούς ερμηνευτές τη Βίκυ Μοσχολιού και το Λάκη Χαλκιά.Βασικό του θέμα ...", "author_id": {"value": "UCUm3zEjMtYIEfZnqmbyHRXw"}, "author_name": "Joseph Khouri", "rating": "none", "date": "2015-09-11T08:14:02Z"}, "text": "Keh Panagiyamouh Esseh Hellas !!"}
{"meta": {"type": "youtube_comment", "comment_id": "Ugx4XAGerIS_h_Q5eF54AaABAg", "reply_count": 0, "like_count": 1, "video_id": "GOJE6CkJW8k", "channel": "GreekLPs", "video_title": "ΜΕΤΑΝΑΣΤΕΣ -Γιάννης Μαρκόπουλος(1974)(full)", "video_desc": "Σπουδαίος δίσκος του Γιάννη Μαρκόπουλου σε στίχους του Γιώργου Σκούρτη με βασικούς ερμηνευτές τη Βίκυ Μοσχολιού και το Λάκη Χαλκιά.Βασικό του θέμα ...", "author_id": {"value": "UCpV4afZ52dTfM0UM3LJlTLg"}, "author_name": "panagiotis panagiotakis", "rating": "none", "date": "2020-05-10T11:24:52Z"}, "text": "Ομορφες εποχές. Ανθρώπινες και δημιουργικές."}
{"meta": {"type": "youtube_comment", "comment_id": "Ugy8YT0C3kMbYLvc3i14AaABAg", "reply_count": 0, "like_count": 0, "video_id": "GOJE6CkJW8k", "channel": "GreekLPs", "video_title": "ΜΕΤΑΝΑΣΤΕΣ -Γιάννης Μαρκόπουλος(1974)(full)", "video_desc": "Σπουδαίος δίσκος του Γιάννη Μαρκόπουλου σε στίχους του Γιώργου Σκούρτη με βασικούς ερμηνευτές τη Βίκυ Μοσχολιού και το Λάκη Χαλκιά.Βασικό του θέμα ...", "author_id": {"value": "UCilhNftMkMUYpDQwwhgzpkA"}, "author_name": "Agoritsa Rousaki", "rating": "none", "date": "2020-03-10T17:23:20Z"}, "text": "💗🎼💗"}
{"meta": {"type": "youtube_comment", "comment_id": "UgyKW-vjKLwhsDGy8bR4AaABAg", "reply_count": 0, "like_count": 2, "video_id": "GOJE6CkJW8k", "channel": "GreekLPs", "video_title": "ΜΕΤΑΝΑΣΤΕΣ -Γιάννης Μαρκόπουλος(1974)(full)", "video_desc": "Σπουδαίος δίσκος του Γιάννη Μαρκόπουλου σε στίχους του Γιώργου Σκούρτη με βασικούς ερμηνευτές τη Βίκυ Μοσχολιού και το Λάκη Χαλκιά.Βασικό του θέμα ...", "author_id": {"value": "UCvETxytz4IbCdUW2sWcAytg"}, "author_name": "ΤΖΩΝΗ ΓΙΟΥΜΑ", "rating": "none", "date": "2018-12-31T15:15:54Z"}, "text": "ΣΥΓΚΙΝΗΤΙΚΟΣ ΔΙΣΚΟΣ ΟΛΑ ΟΣΑ ΠΕΡΙΓΡΑΦΕΙ ΕΙΝΑΙ ΑΛΗΘΕΙΑ. ΜΟΝΟ ΠΟΥ ΤΟ ΠΑΙΔΙ ΣΠΟΥΔΑΣΕ \"ΜΟΡΦΩΘΗΚΕ\"ΟΙΚΟΝΟΜΑΕΙ ΚΑΙ ΠΟΤΕ ΔΕΝ ΕΙΠΕ ΤΙ ΣΕ ΕΚΑΝΕ ΝΑ ΠΑΣ ΕΚΕΙ. ΤΕΛΕΙΟΣ ΜΙΚΡΟΑΣΤΟΣ"}
{"meta": {"type": "youtube_comment", "comment_id": "Ugwzb2hAmWlcy_Z6L7x4AaABAg", "reply_count": 0, "like_count": 1, "video_id": "GOJE6CkJW8k", "channel": "GreekLPs", "video_title": "ΜΕΤΑΝΑΣΤΕΣ -Γιάννης Μαρκόπουλος(1974)(full)", "video_desc": "Σπουδαίος δίσκος του Γιάννη Μαρκόπουλου σε στίχους του Γιώργου Σκούρτη με βασικούς ερμηνευτές τη Βίκυ Μοσχολιού και το Λάκη Χαλκιά.Βασικό του θέμα ...", "author_id": {"value": "UCD6N9mfr8Zq67zW_xEsM7Yg"}, "author_name": "Steven King", "rating": "none", "date": "2020-04-07T19:20:57Z"}, "text": "Ο δίσκος αναφέρεται περισσότερο στην Γερμανία και στις συνθήκες που βίωναν οι μετανάστες κυρίως στα εργοστάσια. , την δεκαετία του 60 και 70..."}
{"meta": {"type": "youtube_comment", "comment_id": "Ugyw2Mra0gQbiK5ol9x4AaABAg", "reply_count": 0, "like_count": 0, "video_id": "GOJE6CkJW8k", "channel": "GreekLPs", "video_title": "ΜΕΤΑΝΑΣΤΕΣ -Γιάννης Μαρκόπουλος(1974)(full)", "video_desc": "Σπουδαίος δίσκος του Γιάννη Μαρκόπουλου σε στίχους του Γιώργου Σκούρτη με βασικούς ερμηνευτές τη Βίκυ Μοσχολιού και το Λάκη Χαλκιά.Βασικό του θέμα ...", "author_id": {"value": "UCJlOeH8vzakz5TZ64ltR_tA"}, "author_name": "Ηλίας Ανδρινιπουλος", "rating": "none", "date": "2020-08-14T22:12:16Z"}, "text": "Μαρκόπουλε. Ανοικεις στους εψιλον εαρ"}
{"meta": {"type": "youtube_comment", "comment_id": "UgxWueSLDuEfSSx5B4R4AaABAg", "reply_count": 0, "like_count": 0, "video_id": "GOJE6CkJW8k", "channel": "GreekLPs", "video_title": "ΜΕΤΑΝΑΣΤΕΣ -Γιάννης Μαρκόπουλος(1974)(full)", "video_desc": "Σπουδαίος δίσκος του Γιάννη Μαρκόπουλου σε στίχους του Γιώργου Σκούρτη με βασικούς ερμηνευτές τη Βίκυ Μοσχολιού και το Λάκη Χαλκιά.Βασικό του θέμα ...", "author_id": {"value": "UC7QQVWyeijVHv6xnjLtvQpg"}, "author_name": "χρηστος Μπακολουκας", "rating": "none", "date": "2019-04-01T06:39:00Z"}, "text": "!! kalo mhna!!!!!!!!!!!!"}
{"meta": {"type": "youtube_comment", "comment_id": "Ugwj12ZIUl4jY-TyNQl4AaABAg", "reply_count": 0, "like_count": 0, "video_id": "GOJE6CkJW8k", "channel": "GreekLPs", "video_title": "ΜΕΤΑΝΑΣΤΕΣ -Γιάννης Μαρκόπουλος(1974)(full)", "video_desc": "Σπουδαίος δίσκος του Γιάννη Μαρκόπουλου σε στίχους του Γιώργου Σκούρτη με βασικούς ερμηνευτές τη Βίκυ Μοσχολιού και το Λάκη Χαλκιά.Βασικό του θέμα ...", "author_id": {"value": "UCdeTvLOrvXtZLy3PSC9ieUg"}, "author_name": "Hamza Ozkurt", "rating": "none", "date": "2020-03-02T12:58:55Z"}, "text": "https://www.youtube.com/watch?v=8Ky26dlNCes&t=17s"}
{"meta": {"type": "youtube_comment", "comment_id": "Ugy9d6hO9clKeU8R0VJ4AaABAg", "reply_count": 0, "like_count": 0, "video_id": "GOJE6CkJW8k", "channel": "GreekLPs", "video_title": "ΜΕΤΑΝΑΣΤΕΣ -Γιάννης Μαρκόπουλος(1974)(full)", "video_desc": "Σπουδαίος δίσκος του Γιάννη Μαρκόπουλου σε στίχους του Γιώργου Σκούρτη με βασικούς ερμηνευτές τη Βίκυ Μοσχολιού και το Λάκη Χαλκιά.Βασικό του θέμα ...", "author_id": {"value": "UCJzY5o6h-3aiMG5anQ8SDKg"}, "author_name": "eftixia pantsiou", "rating": "none", "date": "2020-08-24T22:41:11Z"}, "text": "Πόσο επίκαιρος αυτός ο δίσκος η κόρη μου στη Γερμανία την επισκέπτομαι συχνά και τώρα νιώθω τις δυσκολίες που περάσανε οι μετανάστες αχ Ελλάδα διώχνεις τα παιδιά σου"}
{"meta": {"type": "youtube_comment", "comment_id": "Ugy9vV3DFaZ5o-nvkzJ4AaABAg", "reply_count": 0, "like_count": 7, "video_id": "RtyCJPUmqUY", "channel": "Η ΑΥΓΗ Εφημερίδα της Αριστεράς", "video_title": "Φυλακές ζητά ο Γεωργιάδης για πρόσφυγες-μετανάστες - Να μην βγαίνει ούτε κουνούπι, ποτέ", "video_desc": "", "author_id": {"value": "UC2XKSzWatHfmlQxycYlM76Q"}, "author_name": "toto ccc", "rating": "none", "date": "2020-02-12T19:35:51Z"}, "text": "Αυτό το ζητάει το 99.99 % του ελληνικού λαού που το παράξενο επειδή υπάρχει κ ένα 00.01 % με αντίθετη άποψη 🤔 πάλι καλά που δεν καθορίζει την τύχη της χώρας το 00.01%"}
{"meta": {"type": "youtube_comment", "comment_id": "Ugz2eXXJizLUo156Rgh4AaABAg", "reply_count": 0, "like_count": 10, "video_id": "RtyCJPUmqUY", "channel": "Η ΑΥΓΗ Εφημερίδα της Αριστεράς", "video_title": "Φυλακές ζητά ο Γεωργιάδης για πρόσφυγες-μετανάστες - Να μην βγαίνει ούτε κουνούπι, ποτέ", "video_desc": "", "author_id": {"value": "UCHsFlYb1RS7BRMsOdGbzBEA"}, "author_name": "Tilemachos Plks", "rating": "none", "date": "2020-02-12T20:36:30Z"}, "text": "Πως τους πετσοκοψες έτσι ρε μαλακα μέσα στο αριστερό μπουρδενοκαναλο...πες τα !!! Άντε γίδια ζαιοι..."}
{"meta": {"type": "youtube_comment", "comment_id": "UgwhCJa9JSkMz1c5s214AaABAg", "reply_count": 0, "like_count": 7, "video_id": "RtyCJPUmqUY", "channel": "Η ΑΥΓΗ Εφημερίδα της Αριστεράς", "video_title": "Φυλακές ζητά ο Γεωργιάδης για πρόσφυγες-μετανάστες - Να μην βγαίνει ούτε κουνούπι, ποτέ", "video_desc": "", "author_id": {"value": "UCbgKAt3_ZsmbLE9vCVJLa0w"}, "author_name": "Κώστας Λέκκας", "rating": "none", "date": "2020-02-11T19:42:23Z"}, "text": "Τι λέει ο μπεντο βλάκας;"}
{"meta": {"type": "youtube_comment", "comment_id": "UgwBUx4VKYAhW4SyDMh4AaABAg", "reply_count": 0, "like_count": 8, "video_id": "RtyCJPUmqUY", "channel": "Η ΑΥΓΗ Εφημερίδα της Αριστεράς", "video_title": "Φυλακές ζητά ο Γεωργιάδης για πρόσφυγες-μετανάστες - Να μην βγαίνει ούτε κουνούπι, ποτέ", "video_desc": "", "author_id": {"value": "UCsrJaMUcBfDJXGYjAO1gUGg"}, "author_name": "Nikol Vasi", "rating": "none", "date": "2020-02-11T19:17:58Z"}, "text": "Νύχτα θα φύγεις μπουμπούκο!"}
{"meta": {"type": "youtube_comment", "comment_id": "UgwmswOFT9-1Brk4V-R4AaABAg", "reply_count": 0, "like_count": 3, "video_id": "RtyCJPUmqUY", "channel": "Η ΑΥΓΗ Εφημερίδα της Αριστεράς", "video_title": "Φυλακές ζητά ο Γεωργιάδης για πρόσφυγες-μετανάστες - Να μην βγαίνει ούτε κουνούπι, ποτέ", "video_desc": "", "author_id": {"value": "UC16rlqKSi6P3gS5vGgZglow"}, "author_name": "DIMITRIOSSL", "rating": "none", "date": "2020-02-12T17:13:33Z"}, "text": "Η αριστερά θέλει προλεταριάτο.Οπως δεν νοείται εκκλησία χωρίς πιστους,έτσι δεν νοείται και αριστερά χωρίς προλετάριους.Γιαυτό αγωνίζεται να βάλει όσους περισσοτερους μπορεί μέσα.Για άγρα ψήψων."}
{"meta": {"type": "youtube_comment", "comment_id": "UgyVpBoPofxyUT4LDUZ4AaABAg", "reply_count": 9, "like_count": 5, "video_id": "RtyCJPUmqUY", "channel": "Η ΑΥΓΗ Εφημερίδα της Αριστεράς", "video_title": "Φυλακές ζητά ο Γεωργιάδης για πρόσφυγες-μετανάστες - Να μην βγαίνει ούτε κουνούπι, ποτέ", "video_desc": "", "author_id": {"value": "UC1FVlZ6MnVCUFMMFE7QiGwQ"}, "author_name": "ΑΝΝΑ ΜΙΧΟΥ - ΝΑΥΠΛΙΟ [ Anna Michou - Nafplio ]", "rating": "none", "date": "2020-02-12T01:53:20Z"}, "text": "Άδωνι... Σου έχω μαζέψει όλα τα βίντεο, με όλα όσα έχεις πει κατά καιρούς......\nΔεν σε τιμούν καθόλου...... Πολλά ψεύδη......"}
{"meta": {"type": "youtube_comment", "comment_id": "UgwVR7qM4xAhUj_Ika54AaABAg", "reply_count": 0, "like_count": 2, "video_id": "RtyCJPUmqUY", "channel": "Η ΑΥΓΗ Εφημερίδα της Αριστεράς", "video_title": "Φυλακές ζητά ο Γεωργιάδης για πρόσφυγες-μετανάστες - Να μην βγαίνει ούτε κουνούπι, ποτέ", "video_desc": "", "author_id": {"value": "UCMU6tvHt3MLJvb8Gxo3Wecg"}, "author_name": "αλκης γιαννακας", "rating": "none", "date": "2020-03-03T13:47:12Z"}, "text": "Στη φυλακή, μαζί με τους αριστερούς που πέρνουν το μέρος των Τούρκων."}
{"meta": {"type": "youtube_comment", "comment_id": "UgwmATiyfbOCBS0XLnl4AaABAg", "reply_count": 0, "like_count": 2, "video_id": "RtyCJPUmqUY", "channel": "Η ΑΥΓΗ Εφημερίδα της Αριστεράς", "video_title": "Φυλακές ζητά ο Γεωργιάδης για πρόσφυγες-μετανάστες - Να μην βγαίνει ούτε κουνούπι, ποτέ", "video_desc": "", "author_id": {"value": "UCMU6tvHt3MLJvb8Gxo3Wecg"}, "author_name": "αλκης γιαννακας", "rating": "none", "date": "2020-03-03T13:52:26Z"}, "text": "Ο Τσίπρας που είναι χαμένος? Μάλλον θα μιλάει με τον Ερντογάν και θα λένε με ποιον τρόπο θα καταστρέψουν  την Ελλάδα ."}
{"meta": {"type": "youtube_comment", "comment_id": "Ugwd85uX9aCII2P6yc94AaABAg", "reply_count": 0, "like_count": 1, "video_id": "RtyCJPUmqUY", "channel": "Η ΑΥΓΗ Εφημερίδα της Αριστεράς", "video_title": "Φυλακές ζητά ο Γεωργιάδης για πρόσφυγες-μετανάστες - Να μην βγαίνει ούτε κουνούπι, ποτέ", "video_desc": "", "author_id": {"value": "UCnHoJ3uSsirhKQDLIY2Wruw"}, "author_name": "irondasgr", "rating": "none", "date": "2020-02-12T20:29:33Z"}, "text": "Μπα;  Ανοιξε το πεδιο με τα σχολια η Χ.Αυγουλα;  Το σκεφτηκε καλα;"}
{"meta": {"type": "youtube_comment", "comment_id": "UgwdMeQgjLDJFD1VEdt4AaABAg", "reply_count": 0, "like_count": 1, "video_id": "RtyCJPUmqUY", "channel": "Η ΑΥΓΗ Εφημερίδα της Αριστεράς", "video_title": "Φυλακές ζητά ο Γεωργιάδης για πρόσφυγες-μετανάστες - Να μην βγαίνει ούτε κουνούπι, ποτέ", "video_desc": "", "author_id": {"value": "UCnd7GwnvSOf0Eb5pyMT5YFA"}, "author_name": "Konstantinos A", "rating": "none", "date": "2020-02-21T15:36:06Z"}, "text": "Ισλαμαμπάντ έχει γίνει η Ελλάδα!!!!!"}
{"meta": {"type": "youtube_comment", "comment_id": "UgzuE_RHb_uY84YrK0h4AaABAg", "reply_count": 2, "like_count": 0, "video_id": "RtyCJPUmqUY", "channel": "Η ΑΥΓΗ Εφημερίδα της Αριστεράς", "video_title": "Φυλακές ζητά ο Γεωργιάδης για πρόσφυγες-μετανάστες - Να μην βγαίνει ούτε κουνούπι, ποτέ", "video_desc": "", "author_id": {"value": "UCsdYhkLVzSHJD65ACJ_r1fQ"}, "author_name": "Κρίστα Ν.", "rating": "none", "date": "2020-04-07T00:07:13Z"}, "text": "Στην φυλακή δεν μπαίνουν οι μεταναστες αλλα οι εγκληματίες ."}
{"meta": {"type": "youtube_comment", "comment_id": "Ugwa4EF2eAqSS9pjdEJ4AaABAg", "reply_count": 0, "like_count": 0, "video_id": "RtyCJPUmqUY", "channel": "Η ΑΥΓΗ Εφημερίδα της Αριστεράς", "video_title": "Φυλακές ζητά ο Γεωργιάδης για πρόσφυγες-μετανάστες - Να μην βγαίνει ούτε κουνούπι, ποτέ", "video_desc": "", "author_id": {"value": "UCwlVAE3-JtAyQv8X9kmXwVg"}, "author_name": "marko. maglo", "rating": "none", "date": "2020-02-16T00:35:29Z"}, "text": "🤣Adoni.opos.ta.klista.kentra.\nProstasias.adespoton.kakopioimenon🐻🐶\nH.europi.perni.piso.ta.eurotis.apta.\nLathi.olon.ton.politikantidon.esis.\nPolis.megalopsihos!.me.etouti.!"}
{"meta": {"type": "youtube_comment", "comment_id": "UgwMp5nS-GPy9wj3CUl4AaABAg", "reply_count": 0, "like_count": 1, "video_id": "RtyCJPUmqUY", "channel": "Η ΑΥΓΗ Εφημερίδα της Αριστεράς", "video_title": "Φυλακές ζητά ο Γεωργιάδης για πρόσφυγες-μετανάστες - Να μην βγαίνει ούτε κουνούπι, ποτέ", "video_desc": "", "author_id": {"value": "UC16rlqKSi6P3gS5vGgZglow"}, "author_name": "DIMITRIOSSL", "rating": "none", "date": "2020-02-12T17:25:50Z"}, "text": "Πλέον πρόσφυγες μπορεί να θερωρηθούν όλοι.Ακόμα και αυτός που εγκήμάτισε στην χώρα του και θεωρεί οτι η ποινή που θα του επιβληθεί είναι μεγαλύτερη απο αυτή που θα έπρεπε να έχει,θεωρείται πρόσφυγας.Σου λέει ο άλλος:Μάλιστα κύριοι,έκλεβα.Αλλά τι έκλεβα;πορτοκάλια.Ναι,αλλά εκεί αν κλέβεις σου κόβουν τα χέρια.Κηνδυνέυει η ζωή μου.Δώστε μου ασυλο.Τώρα αν έκλεβε αυτός πορτοκάλια η τράπεζες πήγαινε να το βρείς."}
{"meta": {"type": "youtube_comment", "comment_id": "UgwQE_nIRiT7PiXqg214AaABAg", "reply_count": 0, "like_count": 0, "video_id": "RtyCJPUmqUY", "channel": "Η ΑΥΓΗ Εφημερίδα της Αριστεράς", "video_title": "Φυλακές ζητά ο Γεωργιάδης για πρόσφυγες-μετανάστες - Να μην βγαίνει ούτε κουνούπι, ποτέ", "video_desc": "", "author_id": {"value": "UCbGcBfO-IoYcdeXLHJlL-Qw"}, "author_name": "ALEKOS Alex", "rating": "none", "date": "2020-05-19T21:36:01Z"}, "text": "Παλιο μαλακα που σου ευχομαι ολοψυχα να βρεθεις σε μια παρομοια θεση με αυτη των προσφυγων σημερα εκανες ενα λαθος... το ερωτημα δεν ειναι η παιρνεις λεφτα απο την ευρωπη η καταστρεφεις την χωρα σου οχι η χωρα καταστράφηκε  ηδη απο κατι τυπους σαν και εσενα και εξακολουθει ... το ερωτημα που μπορει καποιος να θεσει ειναι βοηθαω διχνωντας αλληλεγγύη ανθρωπους που εχουν αναγκη απο βοηθεια ή συνεχιζω να τους εχω φυλακισμενους σε στρατοπεδα συγκεντρωσης σε αθλιες συνθηκες και τους ... βεβαια ηθικα για εμενα δεν τιθεται αυτο το ερωτηνα καθως πιστευ ω οτι δεν εχω το δικαιωμα να τους φυλακισω και να τους ταλαιπωρησω.\n\n\nΑναρωτιεμαι ομως χοντρε φασιστα αν οι πρόγονοι σου , για τους οποιους συνεχεια περηφανεύεσαι και τοσο πολυ τους τιμας αν και αυτοι θα ηταν περιφανοι για εσενα και ανθρωπους αντίστοιχους  με εσενα φασιστες ρατσιστες που δεν σεβονται τπτ και που εχουν συμβαλει στην καταστροφη της ελλαδας ... αν σε δω μπροστα μου στον δρομο θα σε φτισω στα μουτρα να ξες"}
{"meta": {"type": "youtube_comment", "comment_id": "UgzOSUxx7XVgFTFTt9t4AaABAg", "reply_count": 0, "like_count": 2, "video_id": "FVqLLWs98jA", "channel": "ENA CHANNEL GREECE", "video_title": "Μετανάστες κυνήγησαν ανήλικα κορίτσια στην Πετροπηγή", "video_desc": "www.enanews.gr | www.enachannel.gr Copyright © ENA Channel.", "author_id": {"value": "UCsa09qU7nIb3MMRHgIVfZ4A"}, "author_name": "Andreas Kiriakou", "rating": "none", "date": "2020-09-04T21:07:21Z"}, "text": "τι προσφυγες και μεταναστες μωρη, παρανομοι εισελθοντες και διαμενοντες υπο τις ευλογιες των κομματικων λαμογιων"}
{"meta": {"type": "youtube_comment", "comment_id": "UgwHhwgF4DWES6D6EJZ4AaABAg", "reply_count": 0, "like_count": 4, "video_id": "FVqLLWs98jA", "channel": "ENA CHANNEL GREECE", "video_title": "Μετανάστες κυνήγησαν ανήλικα κορίτσια στην Πετροπηγή", "video_desc": "www.enanews.gr | www.enachannel.gr Copyright © ENA Channel.", "author_id": {"value": "UCXxe63jTQQSnhZ47WDBWnUQ"}, "author_name": "Ζακας Ελλας", "rating": "none", "date": "2020-09-03T17:26:29Z"}, "text": "Απέλαση η μόνη λύση"}
{"meta": {"type": "youtube_comment", "comment_id": "Ugx64MVnGndftJPNnRB4AaABAg", "reply_count": 0, "like_count": 0, "video_id": "FVqLLWs98jA", "channel": "ENA CHANNEL GREECE", "video_title": "Μετανάστες κυνήγησαν ανήλικα κορίτσια στην Πετροπηγή", "video_desc": "www.enanews.gr | www.enachannel.gr Copyright © ENA Channel.", "author_id": {"value": "UCHETRKvma9X-QlrXAck0-Ag"}, "author_name": "yt captain George", "rating": "none", "date": "2020-09-04T15:38:41Z"}, "text": "Από 3 μετανάστες πως έγιναν 2;δεν ξέρω ψέμα και πάλι ψέμα"}
{"meta": {"type": "youtube_comment", "comment_id": "UgzLw9dHwLcrEkdYwj94AaABAg", "reply_count": 0, "like_count": 0, "video_id": "FVqLLWs98jA", "channel": "ENA CHANNEL GREECE", "video_title": "Μετανάστες κυνήγησαν ανήλικα κορίτσια στην Πετροπηγή", "video_desc": "www.enanews.gr | www.enachannel.gr Copyright © ENA Channel.", "author_id": {"value": "UCQNoNHD6TV_Y89BxYorbgHA"}, "author_name": "Chris Honda Kats", "rating": "none", "date": "2020-09-03T19:11:32Z"}, "text": "Ντροπή τι να πω!!! Κρεμάλα..."}
{"meta": {"type": "youtube_comment", "comment_id": "UgylpZyhuRljCDAjDmh4AaABAg", "reply_count": 0, "like_count": 0, "video_id": "FVqLLWs98jA", "channel": "ENA CHANNEL GREECE", "video_title": "Μετανάστες κυνήγησαν ανήλικα κορίτσια στην Πετροπηγή", "video_desc": "www.enanews.gr | www.enachannel.gr Copyright © ENA Channel.", "author_id": {"value": "UCfE8AvXiVNNp8iv1Uj7zkDA"}, "author_name": "ilias tsakalidis", "rating": "none", "date": "2020-09-03T16:47:08Z"}, "text": "Μιχαηλιδη παρε μετρα αμεσα"}
{"meta": {"type": "youtube_comment", "comment_id": "UgxBREjjk_yD49wXiDF4AaABAg", "reply_count": 1, "like_count": 0, "video_id": "FVqLLWs98jA", "channel": "ENA CHANNEL GREECE", "video_title": "Μετανάστες κυνήγησαν ανήλικα κορίτσια στην Πετροπηγή", "video_desc": "www.enanews.gr | www.enachannel.gr Copyright © ENA Channel.", "author_id": {"value": "UCTYHVfCM9O-ftNs68iokrbQ"}, "author_name": "Τζενη Μοσχορε", "rating": "none", "date": "2020-09-06T08:10:01Z"}, "text": "Είναι ψέματα είναι ψέματα τα παιδιά τους  ανάγκασαν"}
{"meta": {"type": "youtube_comment", "comment_id": "UgzsWASCf-tEY6N3kpR4AaABAg", "reply_count": 0, "like_count": 1, "video_id": "FVqLLWs98jA", "channel": "ENA CHANNEL GREECE", "video_title": "Μετανάστες κυνήγησαν ανήλικα κορίτσια στην Πετροπηγή", "video_desc": "www.enanews.gr | www.enachannel.gr Copyright © ENA Channel.", "author_id": {"value": "UC5nNBnDO7SDSiOCt99UXU4Q"}, "author_name": "fanis raxas", "rating": "none", "date": "2020-09-03T17:11:25Z"}, "text": "Τωρα ασχολουμαστε με τον αδωνη που  εχει κορονοιο😂😂😂😂"}