﻿{"meta": {"type": "twitter_comment", "tweet_id": 1303752100724310018, "lang": "el", "date": "", "hate": "(μετανάστευση | μετανάστευση), (εισβολή μετανάστευση | εισβολή μετανάστης)", "terms": "", "loc": "United Kingdom"}, "text": "RT @MakisHellas1: @thedukeoriginal @rapidis Μια σημείωση δεν είναι μετανάστευση αλλά εισβολή μισθοφόρων μαχητών του ISIS FSA"}
{"meta": {"type": "twitter_comment", "tweet_id": 1303752177589125120, "lang": "el", "date": "", "hate": "(μεταναστευτικό | μετανάστευση), (μεταναστευτικό | μεταναστευτικό)", "terms": "", "loc": "United Arab Emirates"}, "text": "RT @thedukeoriginal: Υπουργός Εξωτερικών Ην. Αραβικών Εμιράτων Abdullah bin Zayed Al Nahyan για μεταναστευτικό &amp; Ισλαμ https://t.co/spi8m7d…"}
{"meta": {"type": "twitter_comment", "tweet_id": 1303752254923603968, "lang": "en", "date": "", "hate": null, "terms": "", "loc": "Greece"}, "text": "RT @oulosP: Germany QUICKLY offered Greece support \"in anyway they can\" to help illegal immigrants on Lesvos.\n\nBut when they should offer s…"}
{"meta": {"type": "twitter_comment", "tweet_id": 1303754306852655106, "is_retweet": true, "is_quote": true, "user_id": 1056078895714369536, "username": "ilias_kab", "scr_name": "ilias_kab", "location": "Ελλάς", "followers": 1113, "friends": 1176, "quoted_text": "Το hashtag #ΑΠΕΛΑΣΗ είναι εκείνο που βρίσκεται στην 1η θέση. Ντροπιαστική κι ανησυχητική εξέλιξη, απαράδεκτα σχόλια, για μια κοινωνία που έχει νιώσει στο πετσί της την προσφυγιά και τη μετανάστευση σε βάθος γενιών. Η ρητορική του μίσους οδηγεί σε αυτά τα αποτελέσματα.", "lang": "el", "date": "", "hate": "", "terms": "", "loc": ""}, "text": "RT @CimbrianMarius: H Toυρκια διαφωνει με το #ΑΠΕΛΑΣΗ .Στα παπακια μας"}
{"meta": {"type": "twitter_comment", "tweet_id": 1303754313089638401, "is_retweet": true, "is_quote": true, "user_id": 1216825897099153409, "username": "mallias", "scr_name": "mallias5", "location": null, "followers": 21, "friends": 34, "quoted_text": "Το hashtag #ΑΠΕΛΑΣΗ είναι εκείνο που βρίσκεται στην 1η θέση. Ντροπιαστική κι ανησυχητική εξέλιξη, απαράδεκτα σχόλια, για μια κοινωνία που έχει νιώσει στο πετσί της την προσφυγιά και τη μετανάστευση σε βάθος γενιών. Η ρητορική του μίσους οδηγεί σε αυτά τα αποτελέσματα.", "lang": "ml", "date": "", "hate": null, "terms": null, "loc": null}, "text": "RT @thedukeoriginal: #ΑΠΕΛΑΣΗ https://t.co/HhHyf2YuzU"}
{"meta": {"type": "twitter_comment", "tweet_id": 1303754331309707267, "is_retweet": true, "is_quote": true, "user_id": 2787830544, "username": "Teo", "scr_name": "teo_pap81", "location": null, "followers": 172, "friends": 57, "quoted_text": "Υπουργός Εξωτερικών Ην. Αραβικών Εμιράτων Abdullah bin Zayed Al Nahyan για μεταναστευτικό &amp; Ισλαμ https://t.co/spi8m7dH12", "lang": "el", "date": "2021-09-10 00:00:00", "hate": "", "terms": "", "loc": ""}, "text": "RT @_K_2021_Hellas: #ΑΠΕΛΑΣΗ_ΤΩΡΑ  #ΑΠΕΛΑΣΗ"}
{"meta": {"type": "twitter_comment", "tweet_id": 1303754576009494528, "is_retweet": false, "is_quote": true, "user_id": 1233448074669969409, "username": "Giannis HEL 13", "scr_name": "GiannisParnos", "location": "Greece", "followers": 98, "friends": 59, "quoted_text": "Επικοινώνησαν σήμερα μαζί μου ο Αντιπρόεδρος της Ευρωπαϊκής Επιτροπής @MargSchinas και ο ΥΠΕΣ της Γερμανίας Horst Seehofer, για να εκφράσουν την συμπαράσταση &amp; τη διάθεση τους να βοηθήσουν με κάθε τρόπο. #ΥΜΑ #μεταναστευτικό #μόρια https://t.co/eMRBv5bkvT", "lang": "el", "date": "", "hate": "(λαθρομεταναστες | λάθρομετανάστης)", "terms": "", "loc": ""}, "text": "Εγω παντως τον λυπαμαι...\n#ΑΠΕΛΑΣΕΙΣ στους #λαθρομεταναστες !!!"}
{"meta": {"type": "twitter_comment", "tweet_id": 1303754647128154112, "is_retweet": true, "is_quote": true, "user_id": 88401667, "username": "Sissaki", "scr_name": "nasia_oik", "location": null, "followers": 279, "friends": 315, "quoted_text": "Επικοινώνησαν σήμερα μαζί μου ο Αντιπρόεδρος της Ευρωπαϊκής Επιτροπής @MargSchinas και ο ΥΠΕΣ της Γερμανίας Horst Seehofer, για να εκφράσουν την συμπαράσταση &amp; τη διάθεση τους να βοηθήσουν με κάθε τρόπο. #ΥΜΑ #μεταναστευτικό #μόρια https://t.co/eMRBv5bkvT", "lang": "en", "date": "", "hate": null, "terms": "", "loc": "Greece"}, "text": "RT @oulosP: Germany QUICKLY offered Greece support \"in anyway they can\" to help illegal immigrants on Lesvos.\n\nBut when they should offer s…"}
{"meta": {"type": "twitter_comment", "tweet_id": 1303756177843646477, "is_retweet": true, "is_quote": false, "user_id": 2677180819, "username": "velocity", "scr_name": "barbarosa69", "location": "Athens-Greece", "followers": 2588, "friends": 4995, "quoted_text": "", "lang": "el", "date": "2019-09-10 00:00:00", "hate": "", "terms": "", "loc": ""}, "text": "RT @Anichneftis: @latinopoulou Βρε ηλίθιο πλάσμα \"τα κλειστά κέντρα\" δεν καίγονται? Τον Ιούλιο του 2019 ο Σύριζα παρέδωσε σ εσάς τους ανίκα…"}
{"meta": {"type": "twitter_comment", "tweet_id": 1303756474502578176, "is_retweet": true, "is_quote": true, "user_id": 3289662832, "username": "Lemonia Bairaktarie", "scr_name": "lemoniabairakt1", "location": "Athens GREECE", "followers": 651, "friends": 907, "quoted_text": "Το hashtag #ΑΠΕΛΑΣΗ είναι εκείνο που βρίσκεται στην 1η θέση. Ντροπιαστική κι ανησυχητική εξέλιξη, απαράδεκτα σχόλια, για μια κοινωνία που έχει νιώσει στο πετσί της την προσφυγιά και τη μετανάστευση σε βάθος γενιών. Η ρητορική του μίσους οδηγεί σε αυτά τα αποτελέσματα.", "lang": "el", "date": "", "hate": "", "terms": "", "loc": ""}, "text": "RT @astlak_irpsa: Πριν RTάρετε να ρωτάτε τους συριζομούρηδες πρώτα... #ΑΠΕΛΑΣΗ https://t.co/k0RxO0HXbv"}
{"meta": {"type": "twitter_comment", "tweet_id": 1303756732934623234, "is_retweet": true, "is_quote": false, "user_id": 2967708315, "username": "φιλοσοφικό αυθαίρετο 🇬🇷🇨🇵", "scr_name": "f_afthereto", "location": null, "followers": 730, "friends": 1159, "quoted_text": "", "lang": "el", "date": "", "hate": "(μετανάστευση | μετανάστευση), (λαθρομετανάστες | λάθρομετανάστης)", "terms": "", "loc": ""}, "text": "RT @NorMaLe47268991: @Mysterywoman111 @kmitsotakis @AdonisGeorgiadi Δεν γράφει λαθράνθρωποι. Γράφει \"λαθρομετανάστες\".\nΗ μετανάστευση είναι…"}
{"meta": {"type": "twitter_comment", "date": "", "tweet_id": 1303757323559743494, "is_retweet": false, "is_quote": true, "user_id": 1233069623463030784, "username": "Toughbutfair", "scr_name": "Toughbutfair2", "location": null, "followers": 488, "friends": 1163, "quoted_text": "Το hashtag #ΑΠΕΛΑΣΗ είναι εκείνο που βρίσκεται στην 1η θέση. Ντροπιαστική κι ανησυχητική εξέλιξη, απαράδεκτα σχόλια, για μια κοινωνία που έχει νιώσει στο πετσί της την προσφυγιά και τη μετανάστευση σε βάθος γενιών. Η ρητορική του μίσους οδηγεί σε αυτά τα αποτελέσματα.", "lang": "el", "hate": "", "terms": "", "loc": ""}, "text": "Στην τρύπα σου Ραπιδη"}
{"meta": {"type": "twitter_comment", "date": "", "tweet_id": 1303757389150261248, "is_retweet": false, "is_quote": true, "user_id": 79317310, "username": "Manolis ✈️ 👀🏖️", "scr_name": "ManolisBel", "location": "Athens, Greece", "followers": 52, "friends": 173, "quoted_text": "Το hashtag #ΑΠΕΛΑΣΗ είναι εκείνο που βρίσκεται στην 1η θέση. Ντροπιαστική κι ανησυχητική εξέλιξη, απαράδεκτα σχόλια, για μια κοινωνία που έχει νιώσει στο πετσί της την προσφυγιά και τη μετανάστευση σε βάθος γενιών. Η ρητορική του μίσους οδηγεί σε αυτά τα αποτελέσματα.", "lang": "el", "hate": "", "terms": "", "loc": ""}, "text": "1️⃣ οι Έλληνες δεν έκαψαν ποτέ τα σπίτια που τους φιλοξενούσαν. Μην τους εξισώνεις με τους Αφγανούς\n2️⃣ Οι Έλληνες… https://t.co/vtgEJuIust"}
