﻿{"meta": {"id": "2895063", "type": "yt_comment", "source": "https://www.youtube.com/watch?v=7lsj4mBU4_s"}, "text": "ΤΙ ΝΟ ΡΕ??ΔΕΝ ΤΟΝ ΑΦΗΝΕΙ ΝΑ ΠΕΡΑΣΕΙ ΑΠΟ ΔΡΟΜΟ ΣΤΗΝ ΧΩΡΑ ΤΟΥ...Ο ΟΔΗΓΟΣ ΣΩΣΤΟΤΑΤΟΣ ΘΑ ΠΑΕΙ ΑΠΟ ΑΛΛΟΥ ΑΛΛΑ ΕΚΕΙ ΘΕΛΕΙ ΝΑ ΤΟΥΣ ΠΑΤΗΣΕΙ ΜΕ ΤΗΝ ΝΤΑΛΙΚΑ"}
{"meta": {"id": "2895063", "type": "yt_comment", "source": "https://www.youtube.com/watch?v=7lsj4mBU4_s"}, "text": "αμα παρει φορα ενα φορτηγο και τους γαμησει θα τον κλεισουν μεσα.... ΕΧΟΥΝ ΔΙΚΑΩΜΑΤΑ ΟΙ ΕΙΣΒΟΛΕΙΣ ΚΑΙ ΟΧΙ ΟΙ ΕΛΛΗΝΕΣ..... ΣΥΝΕΧΙΣΤΕ ... ΚΑΙ ΟΤΑΝ ΘΑ ΠΑΡΟΥΜΕ ΦΟΡΑ ΘΑ ΚΑΤΑΛΑΒΕΤΕ ......"}
{"meta": {"id": "2895063", "type": "yt_comment", "source": "https://www.youtube.com/watch?v=7lsj4mBU4_s"}, "text": "O malakas o dalikeris anti na tou xosi kanena mpounidi tou pithikou tou dixni tin taftotita"}
{"meta": {"id": "2895063", "type": "yt_comment", "source": "https://www.youtube.com/watch?v=7lsj4mBU4_s"}, "text": "ΜΙΑ ΑΝΙΚΑΝΗ ΑΣΤΥΝΟΜΙΑ ΟΠΩΣ ΚΑΙ ΜΙΑ ΑΝΙΚΑΝΗ ΚΥΒΕΡΝΗΣΗ ΠΟΥ ΓΟΝΑΤΊΖΕΙ ΤΟΥΣ ΕΛΛΗΝΕΣ ΚΑΙ ΣΤΗΡΙΖΕΙ ΤΟΥ ΛΑΘΡΟΜΕΤΑΝΑΣΤΕΣ ΜΕ ΟΛΑ ΤΑ ΑΊΣΧΗ ΠΟΥ ΚΑΝΟΥΝ ΑΥΤΗ Η ΚΥΒΕΡΝΗΣΗ ΜΑΣ ΔΙΑΛΥΕΙ ΤΗ ΧΩΡΑ"}
{"meta": {"id": "2895063", "type": "yt_comment", "source": "https://www.youtube.com/watch?v=7lsj4mBU4_s"}, "text": "Όπουδειτε αδέρφια ξένο γεμηστε τον χτυπήστε τον μέχρι να ψωφησει μη σκέφτεστε πως είναι άνθρωποι και έχουν ανάγκη , βρωμερά σκουπίδια ειναι"}
{"meta": {"id": "2895063", "type": "yt_comment", "source": "https://www.youtube.com/watch?v=7lsj4mBU4_s"}, "text": "Η Μεγαλη  ΞΕΦΤΙΛΑ στο Απογειο της"}
{"meta": {"id": "2895063", "type": "yt_comment", "source": "https://www.youtube.com/watch?v=7lsj4mBU4_s"}, "text": "Βρε να πεθάνετε όλοι οι πρόσφυγες"}
{"meta": {"id": "2895063", "type": "yt_comment", "source": "https://www.youtube.com/watch?v=7lsj4mBU4_s"}, "text": "Η απόλυτη ξεφτίλα.....ΟΧΙ στην ισλαμοποίηση της ΕΛΛΑΔΑΣ, άμεση Α Π Ε Λ Α Σ Η"}
{"meta": {"id": "2895063", "type": "yt_comment", "source": "https://www.youtube.com/watch?v=7lsj4mBU4_s"}, "text": "Έχουμε και τους μαλακες τους διθεν ρατσιστές να πάνε να τους ταίζουν"}
{"meta": {"id": "2895063", "type": "yt_comment", "source": "https://www.youtube.com/watch?v=7lsj4mBU4_s"}, "text": "Πατειστε τους ρε"}
{"meta": {"id": "2895063", "type": "yt_comment", "source": "https://www.youtube.com/watch?v=7lsj4mBU4_s"}, "text": "πρέπει να τους διώξουμαι"}
{"meta": {"id": "2895063", "type": "yt_comment", "source": "https://www.youtube.com/watch?v=7lsj4mBU4_s"}, "text": "Δεν τους πατάς με την νταλίκα λέω γω"}
{"meta": {"id": "2895063", "type": "yt_comment", "source": "https://www.youtube.com/watch?v=7lsj4mBU4_s"}, "text": "aftos kapote elege Molon lave😂😂tora parakalai ellines kotes"}
{"meta": {"id": "2895063", "type": "yt_comment", "source": "https://www.youtube.com/watch?v=7lsj4mBU4_s"}, "text": "μάζεμα κλούβα και δρόμο"}
{"meta": {"id": "2895063", "type": "yt_comment", "source": "https://www.youtube.com/watch?v=7lsj4mBU4_s"}, "text": "Αγαπημένε μου γείτονα και αδερφέ δυστυχως εφυγες😢 αιώνια σου ή μνήμη.."}
{"meta": {"id": "2895063", "type": "yt_comment", "source": "https://www.youtube.com/watch?v=7lsj4mBU4_s"}, "text": "Περιμένουνε στα σύνορα στις Καστανιές τώρα ξανά (Φεβρουάριος 2020) για να μπούνε μέσα στην Ελλάδα τα κακόμοιρα τα προσφυγόπουλα. Και αν το προσέξετε είναι όλοι άμοιροι δυστυχισμένοι άνθρωποι. Νέοι άνδρες, από 18 μέχρι 29 χρονών, από το Αφγανιστάν, το Ιράν, το Πακιστάν, το Μπαγκλαντές... Καμιά φορά πετάνε και καμιά πέτρα στους έλληνες συνοριοφύλακες από τη δυστυχία τους, ενώ λόγω των αντίξοων συνθηκών που επικρατούν συνδέονται και με το πενιχρό τους iPhone ώστε να δημοσιοποιήσουν το μεγάλο τους πρόβλημα. Η λύση είναι μία παιδιά, ανοίξτε τα σύνορα. Η Ελλάδα δεν είναι χώρα. Είναι ένας χώρος στον οποίον μπαίνει όποιος θέλει και κάνει ό,τι θέλει. Πρώτος εγώ θα φιλοξενήσω καμιά δεκαριά από αυτά τα καημένα προσφυγόπουλα που είναι μόλις 20 χρονών. Η γυναίκα μου μόλις διάβασε τις ειδήσεις μου ζήτησε άδεια για να τους κάτσει, εφόσον το επιθυμούν, μπας και απαλυνθεί λίγο οπόνος τους. Το ίδιο και η κόρη μου, κι ας είναι 15 χρονών και παρθένα."}
{"meta": {"id": "2895063", "type": "yt_comment", "source": "https://www.youtube.com/watch?v=7lsj4mBU4_s"}, "text": "ΨΩΦΟ Σ ΑΥΤΑ ΤΑ ΣΚΟΥΠΙΔΙΑ ...…...…. ΔΕΝ ΠΡΕΠΕΙ ΝΑ ΤΟΥΣ ΛΥΠΗΘΟΥΜΕ ...……… ΠΡΕΠΕΙ ΝΑ ΟΥΣ ΣΚΟΤΩΣΟΥΜΕ ……… ΤΑ ΣΚΟΥΠΙΔΙΑ ΑΥΤΑ ΔΕ ΠΡΕΠΕΙ ΝΑΑ ΖΟΥΝΕ ……...ΟΠΟΥ ΔΕΙΤΕ ΑΥΤΟΥΣ ΠΑΡΤΕ ΤΟ ΝΟΜΟ ΣΤΑ ΧΕΡΑ ΣΑΣ...…….. ΘΑΝΑΤΟΣ ΜΟΛΥΝΟΥΝ ΤΗ ΧΩΡΑ ΜΑΣ ΑΥΤΑ ΤΑ ΣΚΟΥΠΙΔΙΑ"}
{"meta": {"id": "2895063", "type": "yt_comment", "source": "https://www.youtube.com/watch?v=7lsj4mBU4_s"}, "text": "Αν ήταν διαφορετικά τα πράγματα έπρεπε να τους πατούσε και να είχαμε 10 νεκρούς και 20 άσχημα τραυματίες με μονιμη αναπηρία! Εκεί να τους έβλεπα πως θα αντιδρουσαν...."}
{"meta": {"id": "2895063", "type": "yt_comment", "source": "https://www.youtube.com/watch?v=7lsj4mBU4_s"}, "text": "Χρυσή Αυγή για να σωθούμε!"}
{"meta": {"id": "2895063", "type": "yt_comment", "source": "https://www.youtube.com/watch?v=7lsj4mBU4_s"}, "text": "2:08 με τους μαύρους λέει ο γελοίος"}
