﻿{"meta": {"id": "66183638", "type": "web_unstructured", "source": "https://bit.ly/33b7jLZ"}, "text": "Μετανάστες: Ουρές από τα ξημερώματα και πάλι στην υπηρεσία Aσύλου Σεβόμαστε την ιδιωτικότητά σας Εμείς και οι συνεργάτες μας αποθηκεύουμε ή/και έχουμε πρόσβαση σε πληροφορίες σε μια συσκευή, όπως cookies και επεξεργαζόμαστε προσωπικά δεδομένα, όπως μοναδικά αναγνωριστικά και τυπικές πληροφορίες που αποστέλλονται από μια συσκευή για εξατομικευμένες διαφημίσεις και περιεχόμενο, μέτρηση διαφημίσεων και περιεχομένου, καθώς και απόψεις του κοινού για την ανάπτυξη και βελτίωση προϊόντων. Με την άδειά σας, εμείς και οι συνεργάτες μας ενδέχεται να χρησιμοποιήσουμε ακριβή δεδομένα γεωγραφικής τοποθεσίας και ταυτοποίησης μέσω σάρωσης συσκευών. Μπορείτε να κάνετε κλικ για να συναινέσετε στην επεξεργασία από εμάς και τους συνεργάτες μας όπως περιγράφεται παραπάνω. Εναλλακτικά, μπορείτε να αποκτήσετε πρόσβαση σε πιο λεπτομερείς πληροφορίες και να αλλάξετε τις προτιμήσεις σας πριν από τη συγκατάθεσή σας ή να αρνηθείτε να δώσετε τη συγκατάθεσή σας. Λάβετε υπόψη ότι κάποια επεξεργασία των προσωπικών σας δεδομένων ενδέχεται να μην απαιτεί τη συγκατάθεσή σας, αλλά έχετε το δικαίωμα να αντιταχθείτε σε αυτήν την επεξεργασία. Οι προτιμήσεις σας θα ισχύουν μόνο για αυτόν τον ιστότοπο. ΠΕΡΙΣΣΟΤΕΡΕΣ ΕΠΙΛΟΓΕΣ ΑΠΟΔΕΧΟΜΑΙ MENOY Όλες οι Ειδήσεις Έκδοση Κυριακής Πρωτοσέλιδα 27 °C Ελλάδα Μετανάστες Ρουβίκωνας Οικονομία Συντάξεις Πολιτική Κόσμος Ντόναλντ Τραμπ Σπορ Champions League Europa League Κόμπι Μπράιαντ Car News Preview Video Tech Αγώνες Formula 1 Πίσω Κίνηση Τιμές Αυτοκινήτων Moto People Hollywood Μόδα Gossip Σχέσεις Eurovision Πολιτισμός Θέατρο Σινεμά Τέχνες Μουσική Βιβλίο Τεχνολογία Facebook Περιβάλλον Πρωτοσέλιδα Έκδοση Κυριακής Thema Insights ΠΕΡΙΣΣΟΤΕΡΑ Stories Τουρισμός Συνταγές Αφιερώματα Ζωή ygeiamou.gr Naked City Παιδί English News Advertorial Group Therapy City Stories Κορωνοϊός LIVE Όλες οι Ειδήσεις Έκδοση Κυριακής Πρωτοσέλιδα 27 °C ΣΥΜΒΑΙΝΕΙ ΤΩΡΑ πριν 39 λεπτά Αγωνία μετά την τεράστια φωτιά στη Μόρια: Στο δρόμο 13.000 μετανάστες - Ανάμεσά τους 35 θετικοί στον κορωνοϊό ΣΥΜΒΑΙΝΕΙ ΤΩΡΑ 09/09/2020, 02:21 Κορωνοϊός: Σε αναστολή η έρευνα για το εμβόλιο της AstraZeneca - Ασθενής εμφάνισε σοβαρή ανεπιθύμητη αντίδραση ΣΥΜΒΑΙΝΕΙ ΤΩΡΑ 07/09/2020, 06:00 Κορωνοϊός - Δείτε στο protothema.gr: Κρούσματα και θάνατοι σε όλο τον κόσμο ΣΥΜΒΑΙΝΕΙ ΤΩΡΑ πριν 39 λεπτά Αγωνία μετά την τεράστια φωτιά στη Μόρια: Στο δρόμο 13.000 μετανάστες - Ανάμεσά τους 35 θετικοί στον κορωνοϊό ΣΥΜΒΑΙΝΕΙ ΤΩΡΑ 09/09/2020, 02:21 Κορωνοϊός: Σε αναστολή η έρευνα για το εμβόλιο της AstraZeneca - Ασθενής εμφάνισε σοβαρή ανεπιθύμητη αντίδραση ΣΥΜΒΑΙΝΕΙ ΤΩΡΑ 07/09/2020, 06:00 Κορωνοϊός - Δείτε στο protothema.gr: Κρούσματα και θάνατοι σε όλο τον κόσμο ΣΥΜΒΑΙΝΕΙ ΤΩΡΑ πριν 39 λεπτά Αγωνία μετά την τεράστια φωτιά στη Μόρια: Στο δρόμο 13.000 μετανάστες - Ανάμεσά τους 35 θετικοί στον κορωνοϊό Ελλάδα # TAGS: Μετανάστες Πρόσφυγες Μάσκες Υπηρεσία Ασύλου Ουρές Κορωνοϊός Μετανάστες: Ουρές από τα ξημερώματα και πάλι στην υπηρεσία Aσύλου Λίνα Κεκέση 08/09/2020, 09:09 ΣΧΕΤΙΚΑ ΑΡΘΡΑ Ουρές και σήμερα στην υπηρεσία Ασύλου Εκατοντάδες  πρόσφυγες περιμένουν υπομονετικά  να εισέλθουν για ακόμη μια ημέρα στο κτίριο 10/06/2020, 08:02 THEMA INSIGHTS Peaky Blinders: Η αληθινή ιστορία! Με αφορμή την επιτυχημένη μεταφορά της δημοφιλούς σειράς στο online καζίνο, παρουσιάζουμε την πραγματική ιστορία των συμμοριών του Μπέρμιγχαμ, οι οποίες στάθηκαν αφορμή για τους τηλεοπτικούς Peaky Blinders! 02/09/2020, 10:59 Το Μέλλον το Καθορίζεις με τις Επιλογές Σου Εδώ και 50 χρόνια, οι Σχολές ΔΕΛΤΑ πρωτοπορούν στο χώρο της Ιδιωτικής Εκπαίδευσης, προσφέροντας σπουδές Μεταδευτεροβάθμιας Επαγγελματικής Κατάρτισης και αποτελούν το ιδανικό σημείο εκκίνησης για ένα μέλλον με εξέλιξη. 31/08/2020, 13:56 Online ετήσια συνδρομή γυμναστικής με 68 € και όλα τα ομαδικά προγράμματα δωρεάν! Την πιο «value for money» προσφορά για ετήσια συνδρομή γυμναστικής διαθέτει προς το κοινό φέτος ο μεγαλύτερος όμιλος γυμναστηρίων στην Ελλάδα, τα Yava Fitness Centers. 07/09/2020, 16:12 Δεκάδες  πρόσφυγες και μετανάστες περιμένουν να καταθέσουν τα χαρτιά  τους στην υπηρεσία  Για ακόμη ένα πρωί, ουρές σχηματίστηκαν έξω από την υπηρεσία Ασύλου . Δεκάδες πρόσφυγες και μετανάστες περιμένουν να καταθέσουν τα χαρτιά τους στην υπηρεσία. Πολλοί από αυτούς, προκειμένου να πάρουν σειρά , βρίσκονται εκεί από τη μία τα ξημερώματα.   Κάποιοι από αυτούς που είναι πραγματικά, όπως φαίνεται και στις φωτογραφίες, ο ένα πάνω στον άλλον , δεν φορούν μάσκες. Πριν τρεις μήνες υπήρχε η δέσμευση του υπουργείου Μετανάστευσης, πως η συγκεκριμένη διαδικασία αίτησης ασύλου θα γίνεται διαδικτυακά. Ειδήσεις σήμερα:  Αυτά είναι τα πιο συνηθισμένα συμπτώματα της Covid-19 στα παιδιά, σύμφωνα με ερευνητές Πρόεδρος ΔΟΕ (ΘΕΜΑ 104,6): Ζητάμε θωράκιση από τους αρνητές της μάσκας, να μην τρέχουμε στα αυτόφωρα «Κρυφά» με κορωνοϊό το ζεύγος Μπέκαμ, διέσχισαν τη μισή υφήλιο και συμμετείχαν σε εκδηλώσεις Δείτε όλες τις τελευταίες Ειδήσεις από την Ελλάδα και τον Κόσμο, τη στιγμή που συμβαίνουν, στο Protothema.gr Ρoή Ειδήσεων Ειδήσεις Δημοφιλή Σχολιασμένα Σχοινάς για φωτιά στη Μόρια: Η ΕΕ είναι έτοιμη να συνδράμει άμεσα την Ελλάδα σε όλα τα επίπεδα πριν 8 λεπτά Φωτογραφίες: Στα «δίχτυα» της ΕΛ.ΑΣ. ένας από τους μεγαλύτερους διακινητές ναρκωτικών στη Μύκονο πριν 13 λεπτά French Media: France lends to Greece two state-of-the-art frigates πριν 15 λεπτά Τραγωδία στην Πέλλα: Νεκρός 10χρονος που καταπλακώθηκε από κλαρκ πριν 21 λεπτά Μαγειρεύουμε με ψάρια: 10 συνταγές για να μην… ψαρώνεις πριν 23 λεπτά Suri Cruise: Μεγάλωσε και είναι ολόιδια ο πατέρας της, Tom Cruise πριν 25 λεπτά Αιφνίδια εμφάνιση διαβήτη μετά τα 50: Ποια σοβαρή νόσο μπορεί να υποκρύπτει πριν 27 λεπτά «Καλπάζει» ο κορωνοϊός στη Λατινική Αμερική - Ξεπέρασαν τους 300.000 οι θάνατοι πριν 29 λεπτά 1.176 νέα κρούσματα κορωνοϊού καταγράφηκαν στη Γερμανία πριν 34 λεπτά Δύο νέα, «εισαγόμενα» κρούσματα κορωνοϊού στην Κίνα πριν 36 λεπτά δείτε όλες τις ειδήσεις Αγωνία μετά την τεράστια φωτιά στη Μόρια: Στο δρόμο 13.000 μετανάστες - Ανάμεσά τους 35 θετικοί στον κορωνοϊό πριν 39 λεπτά Κορωνοϊός: Σε αναστολή η έρευνα για το εμβόλιο της AstraZeneca - Ασθενής εμφάνισε σοβαρή ανεπιθύμητη αντίδραση 09/09/2020, 02:21 GNTM 3: Η υπέροχη Λία, ο άχαστος Τάκης, η τσιγγάνα καρδιά και ο ήρωας Ηρακλής 09/09/2020, 07:20 Η απίστευτη «χοντράδα» που φέρεται να είπε ο Τραμπ σχετικά με το ενδεχόμενο να τον αφήσει η Μελάνια! 09/09/2020, 08:15 Πύρινη κόλαση στη Λέσβο: Στις φλόγες το ΚΥΤ της Μόριας - Στο δρόμο 12.000 μετανάστες (βίντεο) 09/09/2020, 06:39 Στέιτ Ντιπάρτμεντ: Ανησυχούμε από τις «ανεπιβεβαίωτες πληροφορίες» για έρευνες του Oruc Reis στα 6 μίλια από το Καστελόριζο 09/09/2020, 06:31 Big Brother: Αποκαλυπτικό... ατύχημα για την Χριστίνα στον κήπο του σπιτιού 08/09/2020, 23:50 Μπερλουσκόνι: «Πραγματική κόλαση ο κορωνοϊός» - Η αναφορά στον Πλάτωνα 08/09/2020, 23:25 Τέλος εποχής: Σταματά μετά από 14 χρόνια το ριάλιτι με τους Καρντάσιαν 09/09/2020, 07:26 Έκτακτη σύσκεψη στο Μαξίμου μετά τη φωτιά στη Μόρια - Παρόντες ο αρχηγός ΓΕΕΘΑ και ο διοικητής της ΕΥΠ πριν μία ώρα Χαρδαλιάς: Οι μαθητές που δεν φορούν μάσκα δεν θα μπαίνουν στην τάξη 08/09/2020, 18:37 Σταμάτης Κραουνάκης: «Δήλωσα panerotic. Είμαι ένα ον διαθέσιμο στο σύμπαν να με εκμεταλλευτεί ερωτικά όπως γουστάρει» 08/09/2020, 12:39 Τρίτο πλήγμα: TUI και Jet2 ακυρώνουν τα ταξίδια από Βρετανία προς Κρήτη, Ζάκυνθο, Σαντορίνη και Μύκονο 08/09/2020, 16:56 Η Ελλάδα θέτει στο ΝΑΤΟ την τουρκική προκλητικότητα με τις κινήσεις του Oruc Reis 08/09/2020, 17:40 Σε lockdown στην εστίαση καλούν οι επιχειρηματίες το διάστημα 16-22 Σεπτεμβρίου 08/09/2020, 15:58 Στα 169 τα νέα κρούσματα κορωνοϊού - 65 στην Αττική - Σε Αθήνα και Πειραιά η πλειονότητα 08/09/2020, 17:48 Γιαννιτσά: Έφτασαν τα 46 τα κρούσματα στην κονσερβοποιία - Συνεχίζονται οι έλεγχοι 08/09/2020, 19:22 Αντώνης Αλεξανδρίδης: Ο παίκτης που απομακρύνθηκε από το Big Brother δέχεται απειλές για τη ζωή του 08/09/2020, 17:39 Γαλλικά ΜΜΕ: Η Γαλλία δανείζει στην Ελλάδα δύο υπερσύγχρονες φρεγάτες 08/09/2020, 20:56 Πύρινη κόλαση στη Λέσβο: Στις φλόγες το ΚΥΤ της Μόριας - Στο δρόμο 12.000 μετανάστες (βίντεο) 09/09/2020, 06:39 Δείτε επίσης ΦΥΣΙΚΑ ΑΠΟΛΑΥΣΤΙΚΑ ΤΥΡΙΑ ARLA Ψήστε σπιτική πίτσα στον καλύτερο φούρνο! ΦΥΣΙΚΑ ΑΠΟΛΑΥΣΤΙΚΑ ΤΥΡΙΑ ARLA Undo Big Brother: Τα απόνερα της εκδίωξης, η μάνα του Κρητικού και η εξαφάνιση Undo efood Το efood αναζητά Διανομείς Φαγητού στη Θεσσαλονίκη. Κάνε αίτηση εδώ! efood Undo Η Σακίρα έδειξε ξανά γιατί ισχύει το «Hips don t Lie» - Δείτε φωτογραφίες Undo Πιστοποιημένη Μάσκα Προστασίας Καραντίνα Τέλος! Κυκλοφόρησε άνετα με την Μάσκα Προστασίας Πολλαπλών Χρήσεων! Πιστοποιημένη Μάσκα Προστασίας Undo Φωτιά στο Μάτι: Δύο χρόνια μετά απολογήθηκε ο άνθρωπος που κατηγορείται για τον εμπρησμό Undo Alumil Academy Γίνε Πιστοποιημένος Τεχνικός Κουφωμάτων Αλουμινίου Alumil Academy Undo Big Brother: Η τηλεθέαση που κατέγραψε μετά το χυδαίο σχόλιο του Αντώνη Αλεξανδρίδη Undo Σκούλαρε! Εδώ τα έχουμε όλα! Όλα τα σχολικά εύκολα και γρήγορα! Σκούλαρε! Εδώ τα έχουμε όλα! Undo Αυτή η φωτογραφία του Chris Hemsworth με το γιο του θα σας κάνει να «λιώσετε» Undo The Family Breeze 20 Ιδέες Διακόσμησης Που Θα Αναζωογονήσουν Το Σπίτι Σας The Family Breeze Undo Γιατί ΗΠΑ και Ρωσία δεν σταματούν τον Ερντογάν; Undo by Taboola by Taboola AddThis Sharing 0 0 SHARES Share to Facebook Facebook Facebook Share to WhatsApp WhatsApp WhatsApp Share to Twitter Twitter Twitter Share to Εκτύπωση Print Εκτύπωση Share to Περισσότερα... AddThis Περισσότερα... AddThis Sharing 0 0 SHARES Share to Facebook Facebook Facebook Share to WhatsApp WhatsApp WhatsApp Share to Twitter Twitter Twitter Share to Εκτύπωση Print Εκτύπωση Share to Περισσότερα... AddThis Περισσότερα... Best of Network Ο Ερντογάν των... ρεκόρ: Σε νέο ιστορικό χαμηλό η τουρκική λίρα - και... «φταίει η Ελλάδα» (update) Τοξίνες: Η Νο1 κίνηση που «καθαρίζει» το έντερο και τις απομακρύνει από τον οργανισμό Κατάσκοπος των Γερμανών το αφεντικό της Tesla... Πόσο υγιεινές είναι τελικά οι πρωτεϊνικές δίαιτες και οι σκόνες πρωτεΐνης; Ο γιος της Σίας Κοσιώνη μας δείχνει πώς ένα 3χρονο προσαρμόζεται με τη χρήση μάσκας 08/09/2020, 15:40 Suri Cruise: Μεγάλωσε και είναι ολόιδια ο πατέρας της, Tom Cruise πριν 25 λεπτά Εργασία εν μέσω πανδημίας: Το success story του insurancemarket.gr 08/09/2020, 11:13 Κινηματογραφική ενέδρα της αστυνομίας στο Σούνιο: «Ακίνητοι, να δω χέρια», φώναζαν ενώ τους σημάδευαν με όπλα 08/09/2020, 10:13 Νέα εποχή στα ελληνικά στριπτιζάδικα: Ανοίγουν από το μεσημέρι 08/09/2020, 10:12 15 εύκολα και γρήγορα γεύματα των 15 λεπτών 09/09/2020, 07:00 ΣΧΟΛΙΑ ΠΡΟΣΘΗΚΗ ΣΧΟΛΙΟΥ Απάντηση σε Όνομα * Email Σχόλιο * Απομένουν 2500 χαρακτήρες * Υποχρεωτικά πεδία Δείτε Επίσης Φωτογραφίες: Στα «δίχτυα» της ΕΛ.ΑΣ. ένας από τους μεγαλύτερους διακινητές ναρκωτικών στη Μύκονο πριν 13 λεπτά Τραγωδία στην Πέλλα: Νεκρός 10χρονος που καταπλακώθηκε από κλαρκ πριν 21 λεπτά Αγωνία μετά την τεράστια φωτιά στη Μόρια: Στο δρόμο 13.000 μετανάστες - Ανάμεσά τους 35 θετικοί στον κορωνοϊό πριν 39 λεπτά 56 Φωτιά στην Κεφαλονιά: Μαίνεται το πύρινο μέτωπο στα Φαρακλάτα πριν μία ώρα Αγόρασε online μεταχειρισμένο ΙΧ και ανακάλυψε ότι έχει… τρύπες! πριν μία ώρα Συναγερμός στα Γιαννιτσά: Έρχονται μέτρα μετά τα 46 κρούσματα κορωνοϊού σε εργοστάσιο 09/09/2020, 08:13 1 Υπουργείο Υγείας: Πλέγμα μέτρων για τον κορωνοιό στο πεδίο της ψυχικής υγείας 09/09/2020, 08:12 Sea Jet 2: Ανεκτέλεστο το πρωινό δρομολόγιο από Πειραιά λόγω δυσμενών καιρικών συνθηκών 09/09/2020, 07:50 Επιχείρηση διάσωσης 151 μεταναστών από ακυβέρνητο σκάφος κοντά στην Αμοργό 09/09/2020, 07:50 Κραυγή απόγνωσης για τις δραματικές ελλείψεις αίματος από τους ασθενείς με μεσογειακή αναιμία 09/09/2020, 07:25 Επιχείρηση εκκένωσης της πλατείας Βικτωρίας 09/09/2020, 07:13 Συγχώνευση των εισαγγελιών Διαφθοράς και Οικονομικού Εγκλήματος – Τι καταδεικνύει για Τουλουπάκη 09/09/2020, 06:58 Πονοκέφαλος για τα σχολεία οι αρνητές της μάσκας 09/09/2020, 06:55 2 Πύρινη κόλαση στη Λέσβο: Στις φλόγες το ΚΥΤ της Μόριας - Στο δρόμο 12.000 μετανάστες (βίντεο) 09/09/2020, 06:39 23 Προβληματίζουν οι τοπικές εξάρσεις και η αύξηση ασθενών στις ΜΕΘ 09/09/2020, 06:30 Πέφτει η θερμοκρασία, ενισχύονται στα 8 μποφόρ οι άνεμοι στο Αιγαίο 09/09/2020, 06:08 Δύσκολη ημέρα για την Πυροσβεστική: Πολύ υψηλός κίνδυνος πυρκαγιάς σχεδόν στη μισή Ελλάδα 09/09/2020, 06:05 Μύκονος: Εγκατάσταση με καρέκλα σε παραλία για λουόμενους με κινητικά προβλήματα (φωτο) 09/09/2020, 02:57 Φωτιά σε δασική έκταση στην περιοχή Φαρακλάτα στην Κεφαλονιά 09/09/2020, 01:22 Λαμία: Νέο κρούσμα με 14χρονη μαθήτρια – Ήταν στο ίδιο πάρτι με τον 16χρονο ποδοσφαιριστή 08/09/2020, 22:45 1 Ξεκίνησε η παραγωγή μασκών για τους μαθητές των σχολείων 08/09/2020, 22:39 2 Τζακ ποτ στο Τζόκερ - Δείτε τους αριθμούς που κληρώθηκαν 08/09/2020, 22:14 Κικίλιας στη συνάντηση με τους αστυνομικούς: Το εμβόλιο για τον κορωνοϊό θα σας χορηγηθεί δωρεάν 08/09/2020, 22:08 4 Κρήτη: Αεροδιακομιδή ανηλίκου στην Αθήνα - Τραυματίστηκε σοβαρά στο κεφάλι 08/09/2020, 21:59 Πέθανε από κορωνοϊό 83χρονη στην Πάτρα - Στους 291 οι νεκροί στη χώρα μας 08/09/2020, 21:52 Ψυχολογικός πόλεμος στον Έβρο με πυροτεχνήματα, πολεμικά εμβατήρια και θρησκευτικά μηνύματα 08/09/2020, 21:42 9 Πρόεδρος Διδασκαλικής Ομοσπονδίας: Δεχόμαστε απειλητικές επιστολές από γονείς για τις μάσκες 08/09/2020, 21:24 7 Χαρδαλιάς για τις αντιδράσεις στο περιορισμένο ωράριο καταστημάτων: Ειρωνείες τα όσα ακούγονται, αποτρέπεται ο συγχρωτισμός 08/09/2020, 21:00 1 Γιαννιτσά: Διέκοψε τη λειτουργία του το εργοστάσιο μετά τα 46 κρούσματα κορωνοϊού 08/09/2020, 20:57 11 Θεσσαλονίκη: Μολότοφ και δακρυγόνα σε πορεία αντιεξουσιαστών (βίντεο) 08/09/2020, 20:54 9 Σοκάρει πατέρας για την επίθεση του 37χρονου με βενζίνη: Θα μπορούσε να έχει αφήσει το παιδί μου στον τόπο 08/09/2020, 20:35 9 «Κλίμακα»: Αυξήθηκαν οι αυτοκτονίες στην Ελλάδα την τριετία 2018-2020 08/09/2020, 20:30 5 Ωραιόκαστρο: Τραγικό τέλος στην εξαφάνιση της 66χρονης 08/09/2020, 20:07 Βίντεο-ντοκουμέντο από τη ληστεία με ομήρους στην Ανάβυσσο 08/09/2020, 19:30 5 Γιαννιτσά: Έφτασαν τα 46 τα κρούσματα στην κονσερβοποιία - Συνεχίζονται οι έλεγχοι 08/09/2020, 19:22 75 Επτά εικονικές αερομαχίες με τουρκικά μαχητικά πάνω από το Αιγαίο 08/09/2020, 19:21 Χαρδαλιάς: Οι μαθητές που δεν φορούν μάσκα δεν θα μπαίνουν στην τάξη 08/09/2020, 18:37 142 Κρύπτες ναρκωτικών στο προαύλιο των φυλακών Κορυδαλλού - Δείτε φωτογραφίες 08/09/2020, 18:19 6 Αναστάτωση από πυροβολισμό στον Νέο Κόσμο 08/09/2020, 18:11 Υπουργείο Μετανάστευσης: Περισσότερες οι αποχωρήσεις από τις αφίξεις μεταναστών το φετινό καλοκαίρι 08/09/2020, 18:10 12 Αργυρούπολη: Κακουργηματική δίωξη στον ειδικό φρουρό και τον συνεργό του που εκβίαζαν επιχειρηματία 08/09/2020, 18:04 4 Δεν συμμετέχουν τα καταστήματα εστίασης της Αττικής στο lockdown του κλάδου στις 16-22/9 08/09/2020, 17:53 Στα 169 τα νέα κρούσματα κορωνοϊού - 65 στην Αττική - Σε Αθήνα και Πειραιά η πλειονότητα 08/09/2020, 17:48 81 Θετικός στον κορωνοϊό 16χρονος ποδοσφαιριστής στη Λαμία - Σε καραντίνα 40 άτομα 08/09/2020, 17:41 Αυξάνονται τα κρούσματα στη Μόρια: Έφτασαν τα 35 08/09/2020, 17:35 14 Θρίλερ στου Ρέντη: Αιγύπτιος εργοδότης άρπαξε Έλληνα υπάλληλο 08/09/2020, 17:32 30 ΕΛΑΣ: Σε διαθεσιμότητα ο ειδικός φρουρός που εκβίασε επιχειρηματία 08/09/2020, 17:18 3 Φυλακές Κορυδαλλού: Έφοδος στα κελιά κρατουμένων για τρομοκρατία - Βρήκαν ρόπαλα, τηλεκάρτες και κινητά 08/09/2020, 17:14 7 Εξαφάνιση 14χρονης στην Ξάνθη: «Ζητούμε τη βοήθεια του κόσμου για να τη βρούμε» λέει η μητέρα της 08/09/2020, 17:08 Ακιντζί: Αιτία της έντασης στην Ανατολική Μεσόγειο το φυσικό αέριο 08/09/2020, 17:08 1 Τρίτο πλήγμα: TUI και Jet2 ακυρώνουν τα ταξίδια από Βρετανία προς Κρήτη, Ζάκυνθο, Σαντορίνη και Μύκονο 08/09/2020, 16:56 90 Έξι επιβεβαιωμένα κρούσματα κορωνοϊού στις δομές Ελαιώνα, Σχιστού και Μαλακάσας 08/09/2020, 16:50 Όπου φύγει-φύγει οι Βρετανοί από την Ζάκυνθο για να γλιτώσουν την καραντίνα - Δείτε βίντεο 08/09/2020, 16:48 8 Πολύ υψηλός ο κίνδυνος πυρκαγιάς αύριο σε επτά περιφέρειες 08/09/2020, 16:15 Σε lockdown στην εστίαση καλούν οι επιχειρηματίες το διάστημα 16-22 Σεπτεμβρίου 08/09/2020, 15:58 80 Φωτιά στο Διδυμότειχο 08/09/2020, 15:50 Πέμπτος νεκρός από τον ιό του Δυτικού Νείλου στις Σέρρες 08/09/2020, 15:45 Ελεύθερος ο 39χρονος πατέρας που είχε ξυλοκοπήσει δασκάλα στα Χανιά 08/09/2020, 15:32 Κικίλιας: Όλοι οι επιστήμονες συμφωνούν στην αναγκαιότητα χρήσης της μάσκας 08/09/2020, 15:26 16 Συναγερμός στη Θεσσαλονίκη: Εξαφανίστηκε αγόρι 16,5 ετών 08/09/2020, 15:18 Στο αρχείο η δικογραφία για τον θάνατο της Κοεμτζή 08/09/2020, 15:06 Κατέληξε 49χρονος με κορωνοϊό στο ΑΧΕΠΑ 08/09/2020, 14:32 1 Ο ΕΟΦ αποσύρει ακατάλληλο αντισηπτικό 08/09/2020, 14:30 Σύλληψη 61χρονου για εμπρησμούς αυτοκινήτων στην Παλλήνη 08/09/2020, 14:20 Ο Δήμος Σαντορίνης απάντησε στον Τσίπρα: «Μας αδικείτε - Είστε θύμα παραπληροφόρησης» 08/09/2020, 14:07 Υψηλός ο κίνδυνος πυρκαγιάς αύριο σε Αττική, Εύβοια, Πελοπόννησο και νησιά 08/09/2020, 13:56 Βόλος: Έταζε επενδύσεις σε συνάλλαγμα και «έφαγε» 252.000 ευρώ 08/09/2020, 13:54 Καταζητούμενος αλλοδαπός συνελήφθη στο αεροδρόμιο της Κέρκυρας 08/09/2020, 13:52 Φωτιά στο Καρπενήσι 08/09/2020, 13:42 Ολλανδία: Σε καραντίνα όσοι επιστρέφουν από ελληνικά νησιά 08/09/2020, 13:36 13 Ενοποιούνται Eισαγγελία Διαφθοράς και Οικονομικό Έγκλημα - Τι θα γίνει με Τουλουπάκη 08/09/2020, 13:33 9 Έξοδος στη Μακρακώμη για τον Κώστα Καραμανλή 08/09/2020, 13:15 «Καταπέλτης» ο εισαγγελέας στη δίκη για τη δολοφονία Μακρή: Ζήτησε την ενοχή των δυο κατηγορουμένων 08/09/2020, 13:11 1 ΕΛΣΤΑΤ: Μειώθηκαν 1,57% οι θάνατοι στην Ελλάδα στο α εξάμηνο του 2020 08/09/2020, 12:58 1 Τρόμος σε μονοκατοικίες στην Ανάβυσσο από τρεις κουκουλοφόρους 08/09/2020, 12:57 3 Ένταση μεταξύ γονεών και αστυνομίας σε γυμνάσιο της Καλαμαριάς 08/09/2020, 12:32 Με Μαγιορκίνη και Χαρδαλιά η σημερινή ενημέρωση για τον κορωνοϊό 08/09/2020, 12:25 Παπαστεργίου: Το 80% των μασκών για τα σχολεία παράγεται στην Ελλάδα 08/09/2020, 12:24 Εξαδάκτυλος: Κανένας εφησυχασμός, ο ιός είναι εδώ 08/09/2020, 12:23 Με εκτέλεση αλμάτων τίμησαν τον αδικοχαμένο αλεξιπτωτιστή 08/09/2020, 12:14 Λαβρόφ σε Αναστασιάδη: Έτοιμη η Ρωσία να συμβάλει σε διάλογο 08/09/2020, 11:55 Άγριο ξύλο σε Βρετανό από ομοεθνείς του στον Λαγανά 08/09/2020, 11:46 Δυο γυναίκες κι ένα κορίτσι συνελήφθησαν για κλοπή στις Σέρρες 08/09/2020, 11:43 Πλατεία Βικτωρίας: Κατασκήνωσαν ξανά μετανάστες - Δείτε βίντεο και φωτογραφίες 08/09/2020, 11:41 9 Τρίκαλα: Κρούσματα κορωνοϊού σε βρεφονηπιακό σταθμό, Γυμνάσιο και Λύκειο 08/09/2020, 11:36 Νέα καθυστέρηση στην «πολύπαθη» δίκη της Μάνδρας - Αναβλήθηκε για τις 19 Οκτωβρίου 08/09/2020, 11:26 Εκδήλωση διαμαρτυρίας Λευκορώσων στη Λευκωσία 08/09/2020, 11:22 Σέρρες: Συνελήφθη και δεύτερος σωφρονιστικός υπάλληλος της Νιγρίτας ύστερα από μήνυση κρατούμενου 08/09/2020, 11:00 Digital Growth Strategy by Cloudevo Όροι Χρήσης Επικοινωνία Copyright © 2020 Πρώτο Θέμα Θέλετε να λαμβάνετε ειδοποιήσεις για την έκτακτη επικαιρότητα; ΝΑΙ ΘΕΛΩ ΟΧΙ ΤΩΡΑ"}
