﻿{"type":"article","source":"http://manos-limpias.es/Pagina?n=ae5347a9d95b441b","title":"EL JUEZ PEDRAZ Y PODEMOS","body":"EL JUEZ PEDRAZ Y PODEMOS Publicado el Lunes, 04 Febrero 2019   Escrito para  MEDITERRÁNEO DIGITAL El  Juez Pedraz , en el proceso contra  Miguel Bernad , por el que se le detiene e ingresa en prisión en la denominada  operación Nelson , admite de manera sectaria y espuria la acusación popular del partido político  Podemos . La acusación popular, deviene su legitimación cuando se viola el interés público y la legalidad vigente. En los casos de fraude fiscal cuando la lesión es para la  Hacienda Pública , que somos todos los españoles, la legitimidad de la acusación popular es incuestionable. La acusación particular, tiene obviamente su fundamento base y legitimidad cuando la lesión o perjuicio afecta a un particular. Pues bien en el caso del  Juez Pedraz , y el  Fiscal Daniel Campos , aceptar a sabiendas una acusación popular, espuria, de mala fe, temeraria y de falta total de legitimidad. “Podemos” , ni es perjudicado particular, ni tampoco en el procedimiento contra  Miguel Bernad  se le imputa un delito contra la  Hacienda Pública , por lo que carece de total legitimidad para acusar. La pregunta que cabe hacerse: ¿Entonces por qué se acepta esa acusación de  Podemos ? La respuesta es que el  Juez  y el  Fiscal  la aceptan para robustecer de cara a la opinión pública, una acusación que mediáticamente presione en la instrucción y en el juicio oral. Es verdaderamente indecente ese comportamiento, aparte de la existencia de indicios sólidos de prevaricación, que están ya siendo objeto de estudio. El partido político  Podemos  utiliza la acusación popular de una parte como venganza por la querella que interpuso  Manos Limpias  contra esa formación por financiación desde  Venezuela  y por otra parte para que mediáticamente tuviera eco la formación  Podemos . Revisando la hemeroteca de denuncias de  Manos Limpias  y que recayeron en el  Juez Pedraz  nos encontramos con lo que a continuación vamos a describir y que pone en evidencia, el sectarismo y actuación espuria del  Juez Pedraz . Fue en el año 2008 cuando  Manos Limpias , denunció la evasión fiscal de 198 ciudadanos en  Liechtenstein . Pues bien, la denuncia recae en el  Juez Pedraz , que no acepta la personación de  Manos Limpias , alegando, la inexistencia de perjuicio alguno. Obvió intencionadamente que  Manos Limpias  estaba legitimada por cuanto había un perjuicio a la  Hacienda Pública . Ello, pone en evidencia que  Pedraz  aplica la  Ley , según criterios de conveniencia, sin ajustarse a la legalidad vigente. En el caso que analizamos exonera además a  Podemos  de exigir fianza alguna y en el caso de  Manos Limpias  ha venido exigiendo fianzas desorbitadas que impiden ejercer la acción popular. Con  “jueces”  tan peculiares, ¡ Dios  nos guarde de caer en sus zarpas! Y a todo ello, el  CGPJ , ni está ni se le espera. Son decenas las denuncias que se reciben en dicho  Consejo  contra este “juez” , y todas van al archivo… Miguel Bernad Remón. Abogado y Secretario General de  MANOS LIMPIAS Escrito para  MEDITERRÁNEO DIGITAL LEER EN:   https://www.mediterraneodigital.com/opinion/columnistas-de-opinion/miguel-bernad/el-juez-pedraz-y-podemos.html"}
{"type":"article","source":"http://manos-limpias.es/Pagina?n=fbfca04a669d45ae","title":"BANCO DE ESPAÑA","body":"BANCO DE ESPAÑA Miguel Bernad Remón con DNI nºxxxx con domicilio en la Cxxxx, , en su condición de Secretario General del Sindicato Manos Limpias, por el presente escrito, formulo: DENUNCIA Contra   las diversas entidades bancarias que a partir de finales del mes de febrero, pretenden una “subida confiscatoria” en las operaciones con sus clientes. La presente denuncia, se basa en la siguiente: RELACIÓN CIRCUNSTACIADA DE HECHOS PRIMERA : Las entidades bancarias, están informando a sus clientes, que a partir del mes de febrero, van a aplicar unas renovadas comisiones. SEGUNDA : El montante de las nuevas comisiones, sobre mantenimiento, transferencias, descubiertos, domiciliaciones, uso de tarjetas de crédito y otras operaciones, va a ser de tal magnitud que pude considerarse, no solo como usura sino confiscatoria. TERCERA : La alarma social creada es de una indignación total. CUARTA : Las entidades bancarias, en los tribunales han sufrido unas duras penas en los diversos procesos. Los casos de cláusulas suelo, de las preferentes, de las comisiones de crédito, de las tarjetas black, de los gastos en los créditos hipotecarios, han puesto de relieve el abuso de las entidades bancarias. QUINTA: El rescate bancario, por otra parte ha supuesto un sacrificio a todos los españoles y todavía no reparada. SEXTA : Lamentablemente, ni los partidos políticos, ni los sindicatos, han dado la batalla, toda vez que están hipotecados con la banca, por unos créditos y condonaciones de deuda. SÉPTIMA : Ahora los bancos pretenden resarcirse a consta de los clientes, en su aumento de las comisiones, que vuelve a reiterar es confiscatoria. OCTAVA : La reducciones de plantilla y la cada vez menos posibilidad presencial   en las oficinas bancarias, están causando un gran perjuicio a personas de tercera edad que no pueden utilizar los cajeros automáticos, ni tampoco son capaces de utilizar los medios informáticos. Es por todo ello: Que denunciamos de una parte esa pretensión confiscatoria y apelamos al órgano de control de las entidades bancarias con objeto de paralizar lo que supone unas comisiones confiscatorias. Es justicia que pido en Madrid, a 27 de enero de 2020 Fdo.: Miguel Bernad Remón"}
{"type":"article","source":"http://manos-limpias.es/Pagina?n=660787f7332040ba","title":"EL SECTARISMO DEL JUEZ PEDRAZ","body":"EL SECTARISMO DEL JUEZ PEDRAZ   Miguel Bernad SI QUIERES LEER TODOS LOS ARTICULOS DE MIGUEL BERNAD, PINCHA LA IMAGEN Un auténtico escándalo judicial en sus comportamientos donde procedería su suspensión cautelar EL CGPJ DEBERÍA SANCIONAR AL JUEZ PEDRAZ POR PRESUNTA PREVARICACIÓN : MIGUEL BERNAD SECRETARIO GENERAL DE MANOS LIMPIAS La libertad sin fianza, de los investigados por el escándalo de blanqueo de capitales del ex embajador en Venezuela Raúl Morodo y su hijo Alejo decretada por el Juez Pedraz, ha supuesto un verdadero y monumental escándalo judicial, cometido por un Juez, que actúa sectariamente y aplicando la L.E.J.C a su libre albedrío. Efectúo estas afirmaciones en base a un dato y a unos hechos incuestionables. A mí, Miguel Bernad, le detiene y le ingresa en prisión incondicional durante diez meses, el Juez Pedraz, aplicándole además la pena del telediario. Después de diez meses de cárcel, se le libera con una fianza de 50.000€ y comparecencias semanales. Ahora, este juez, en un escándalo monumental, donde están investigados el ex embajador en Venezuela Raúl Morodo y su hijo Alejo Morodo por cuatro delitos entere ellos el de blanqueo de capitales (más de 14 Millones de euros) los deja en libertad sin fianza. Esta resolución que decretó la prisión incondicional a Miguel Bernad tiene un calificativo de presunta prevaricación y sectarismo, a la hora de aplicar la L.E.C. Esta tan claro, evidente y descarado   tanto la resolución de los   investigados (Raúl Morodo y su hijo) como la de Miguel Bernad. El descaro burdo, maniobrero , sectario de meter en la cárcel a Miguel Bernad sin el más mínimo indicio solido de incriminación y dejar en libertad a Raúl Morodo y su hijo con pruebas contundentes, es tan grave y de tanta transcendencia en la credibilidad del poder Judicial que el CGPJ, si fuese independiente tendría que suspender cautelarmente al Juez y con posterioridad exigirle responsabilidades penales. LEER EN: https://www.elcorreodemadrid.com/opinion/108563404/El-sectarismo-del-juez-Pedraz-Por-Miguel-Bernad.html https://heraldodeoregon.wordpress.com/2019/05/29/el-sectarismo-del-juez-pedraz/ https://latribunadeespana.com/espana/el-cgpj-deberia-sancionar-al-juez-pedraz-por-presunta-prevaricacion-miguel-bernad-secretario-general-de-manos-limpias https://www.eldiestro.es/2019/05/el-sectarismo-del-juez-pedraz/   http://www.alertadigital.com/2019/06/01/el-sectarismo-del-juez-pedraz/   COMENTARIOS: Ramiro Don Miguel, debería denunciar esta situación ante el CGPJ. Carmen MANOS LIMPIAS debería denunciar a ese «juez». Es lo mínimo que se merece."}
