﻿{"meta": {"id": "33564377", "type": "article", "source": "https://sioeeu.wordpress.com/2015/12/27/invitation-sioe-demonstration-in-denmark/", "meta": "December 27, 2015 by SIOE admin 3 Comments", "title": "Invitation to SIOE demonstration inDenmark"}, "text": " Stop Islamisation of Denmark demonstrated together with other groups on the Danish/German borders 4 times in the autumn/winter for closing the border for muslim migrants. 2 times we managed to literally closethe border symbolic in 5-10 minutes to send a signal to our useless politicians. See video here from Closing the Danish/German border: https://siaddk.wordpress.com/2015/10/12/video-af-luk-graensen-aktion/ The 3 last times we have been atthe border we have had no media coverage from MSM. A member of the lying press has told Anders Gravers that they do it by purpose because they know a lot of people will support our wish to get the borders closed for muslim migrants. Last time we made thedemonstration at the Padborg border there were suddenly a lot of Danish Police who together with German autonomous and German grandmothers for peace (from Flensburg) stopped us from closing the border. That’s why SIOE invite people from other European countries to the Danish border at Kruså for supporting – the Danish SIOE chapter SIAD. We hope to see many German, Dutch, Polish and other European people who have the same wish to close the borders for muslim migrants. We need to stand together in this dark moment for Europe. Contact information: Telephone: +45 96771784 +45 24892441 email: siaddk@gmail.com FB:https://www.facebook.com/profile.php?id=100008697525584 in a private message"}
{"meta": {"id": "33564377", "type": "comment", "source": "https://sioeeu.wordpress.com/2015/12/27/invitation-sioe-demonstration-in-denmark/"}, "text": "Reblogged this on ReactionaryThought."}
{"meta": {"id": "33564377", "type": "comment", "source": "https://sioeeu.wordpress.com/2015/12/27/invitation-sioe-demonstration-in-denmark/"}, "text": "Reblogged this on pressefreiheit24."}
{"meta": {"id": "53836889", "type": "article", "source": "http://sioeeu.wordpress.com/2015/04/02/latest-news-al-shabaab-terrorist-attack-kills-150-students-in-kenya/", "meta": "April 2, 2015 by SIOE admin Leave a comment", "title": "LATEST NEWS: Al-Shabaab terrorist attack kills up to 150 students inKenya"}, "text": "  Another awful terrorist attack has just happened in Kenya with 150 students feared dead. The militant Islamic Extremist group Al-Shabaab claims responsibility. The terrorists have been dealt with, all four are dead. However the terror in Africa is worse than ever with Islam destroying another great continent bit by bit. The war against terrorism will never stop. Follow the latest updates on any news website for example HERE "}
{"meta": {"id": "33076693", "type": "article", "source": "http://sioeeu.wordpress.com/2011/08/16/one-law-for-all-really-wants-one-boot-for-all/", "meta": "August 16, 2011 by SIOE admin 10 Comments", "title": "One Law for All really wants one boot forall"}, "text": " Here is another attack on SIOE by Maryam Namazie’s One Law for All Enemies-not-Allies-web-version1 .pdf Our sister organisation SIOA was also attacked and soundly rebuffed by Robert Spencer on Frontpage Magazine When Marxist Anti-Semitic “Anti-Jihadists” Attack What Maryam Namazie wants you to believe is that racism has nothing to do with race. For the record SIOE is very hardline against Islam and Muslims, especially the so-called moderate Muslims. Evidence unfailingly exposes that so-called moderate Muslims voted the jihadist Recep Tayyip Erdogan into power in Turkey again this year, with an increased vote and majority, and that this kind of result is replicated across the Muslim world. Moderate Muslims are the real enemies, in SIOE’s opinion, because they are the ones permittting and often encouraging the so-called radicals’ takeover. They are the smokescreen for Islamisation. Why else are so-called radicals gaining power in Muslim countries? Maryam Namazie fails to address the pointsSIOE made, that she quoted in her piece, but merely hurls the pejorative epithet “racist” around willy nilly.Both ex-Muslims and those who have fled persecution by Muslims are more often than not as hardline as SIOE . These people do not suddenly change race to combat Islamisation and condemn the self-asserted hubris of Muslims. Maryam Namazie’s accusations are bothhollow and absurd. One Law for Alluses the usual communist tactic of guilt by association, using long past associations, if they even existed, to cast doubt on what SIOE and SIOA are about. Stephen Gashhas been on demonstrations alongside, not with, Maryam Namazie, but this does not makehim a communist, nor does it make her sensible and rational like Anders and Stephen. It does not even makeher and Stephenassociates. SIOE declared on its (now hacked and unrestorable) website that it was separate from other anti-Islamist groups in the UK. It encouraged people to join whatever organisation suited them best. So, SIOE does not regard other organisations either as competitors or compatriots. Rather we recognise that defeating Islamisation requires a broad front, including One Law for All. Fortunately, supporters of One Law for All also support SIOE, though may not be as hardline as its leadership. However, they recognise what is happening in Europe. Maryam Namazie fails to grasp that people are far more sophisticatedin opposing Islam than her notion of one boot for all. It is either her way or no way. Her opposition to SIOE is more to do with our banning communists from openly parading their communist symbols on our demonstrations than anything to do with what she accuses us of, in our opinion. We have had gay communists and gay (what Maryam Namazie would call) far right people on our demos who, under other circumstances, would have some considerable degree of enmity between each other, but who bury their differences to defend gay rights against Muslim persecution. They have stood alongside people who do not support gay rights, when opposing sharia banking and Kuffarphobia, for example. This is a concept Maryam Namazie is just incapable of understanding let alone condoning. Wecould give other examples of politically disparate people coming together to fight Islam on SIOE demos, but it would merely invoke a blank-look from Maryam and her communist cohorts; so why bother?. We in SIOE have persistently spoken up for Copts, Hindus and Buddhists being genocidally persecuted in Muslim countries, which is indeed why we call ourselves a human rights group. We are hardline against the actions (and inactions) of Muslims because we consider we are in a war and therefore we defend our culture robustly. We make no apology for it. Previous attack by One Law for All (racism has nothing to do with race – take care not to split your sides laughing)"}
{"meta": {"id": "33076693", "type": "comment", "source": "http://sioeeu.wordpress.com/2011/08/16/one-law-for-all-really-wants-one-boot-for-all/"}, "text": "This hideous obnoxious ideology must be destroyed!!!"}
{"meta": {"id": "33076693", "type": "comment", "source": "http://sioeeu.wordpress.com/2011/08/16/one-law-for-all-really-wants-one-boot-for-all/"}, "text": "Preserving free speech is more important than preventing hate speech!!!"}
{"meta": {"id": "33076693", "type": "comment", "source": "http://sioeeu.wordpress.com/2011/08/16/one-law-for-all-really-wants-one-boot-for-all/"}, "text": "I too found Namazie’s report to be a disgraceful distortion of the truth. Generally speaking, I am glad to say that my rebuttal of her allegations against SIOE has been supported by my readers. http://durotrigan.blogspot.com/2011/08/enemy-not-ally-maryam-namazie.html"}
{"meta": {"id": "33076693", "type": "comment", "source": "http://sioeeu.wordpress.com/2011/08/16/one-law-for-all-really-wants-one-boot-for-all/"}, "text": "I was wondering what had happened to your old site and am sorry to learn that it was hacked. A new link has now been added to this blog."}
{"meta": {"id": "33076693", "type": "comment", "source": "http://sioeeu.wordpress.com/2011/08/16/one-law-for-all-really-wants-one-boot-for-all/"}, "text": "England is very unlucky with its immigrants. To have an immigrant from Iran like Namazie who opposes the religion which built the UK and then having her force her own brand of belief (communism) under the guise of fighting Islam, is bizarre! But why worry, she will never achieve Aryan Hirsi Ali status."}
{"meta": {"id": "33076693", "type": "comment", "source": "http://sioeeu.wordpress.com/2011/08/16/one-law-for-all-really-wants-one-boot-for-all/"}, "text": "Ayaan Hirsi Ali, I mean!"}
{"meta": {"id": "33564377", "type": "article", "source": "https://sioeeu.wordpress.com/2015/12/27/invitation-sioe-demonstration-in-denmark/", "meta": "December 27, 2015 by SIOE admin 3 Comments", "title": "Invitation to SIOE demonstration inDenmark"}, "text": " Stop Islamisation of Denmark demonstrated together with other groups on the Danish/German borders 4 times in the autumn/winter for closing the border for muslim migrants. 2 times we managed to literally closethe border symbolic in 5-10 minutes to send a signal to our useless politicians. See video here from Closing the Danish/German border: https://siaddk.wordpress.com/2015/10/12/video-af-luk-graensen-aktion/ The 3 last times we have been atthe border we have had no media coverage from MSM. A member of the lying press has told Anders Gravers that they do it by purpose because they know a lot of people will support our wish to get the borders closed for muslim migrants. Last time we made thedemonstration at the Padborg border there were suddenly a lot of Danish Police who together with German autonomous and German grandmothers for peace (from Flensburg) stopped us from closing the border. That’s why SIOE invite people from other European countries to the Danish border at Kruså for supporting – the Danish SIOE chapter SIAD. We hope to see many German, Dutch, Polish and other European people who have the same wish to close the borders for muslim migrants. We need to stand together in this dark moment for Europe. Contact information: Telephone: +45 96771784 +45 24892441 email: siaddk@gmail.com FB:https://www.facebook.com/profile.php?id=100008697525584 in a private message"}
{"meta": {"id": "33564377", "type": "comment", "source": "https://sioeeu.wordpress.com/2015/12/27/invitation-sioe-demonstration-in-denmark/"}, "text": "Reblogged this on ReactionaryThought."}
{"meta": {"id": "33564377", "type": "comment", "source": "https://sioeeu.wordpress.com/2015/12/27/invitation-sioe-demonstration-in-denmark/"}, "text": "Reblogged this on pressefreiheit24."}
{"meta": {"id": "53912631", "type": "article", "source": "http://sioeeu.wordpress.com/2015/12/27/invitation-sioe-demonstration-in-denmark/", "meta": "December 27, 2015 by SIOE admin 3 Comments", "title": "Invitation to SIOE demonstration inDenmark"}, "text": " Stop Islamisation of Denmark demonstrated together with other groups on the Danish/German borders 4 times in the autumn/winter for closing the border for muslim migrants. 2 times we managed to literally closethe border symbolic in 5-10 minutes to send a signal to our useless politicians. See video here from Closing the Danish/German border: https://siaddk.wordpress.com/2015/10/12/video-af-luk-graensen-aktion/ The 3 last times we have been atthe border we have had no media coverage from MSM. A member of the lying press has told Anders Gravers that they do it by purpose because they know a lot of people will support our wish to get the borders closed for muslim migrants. Last time we made thedemonstration at the Padborg border there were suddenly a lot of Danish Police who together with German autonomous and German grandmothers for peace (from Flensburg) stopped us from closing the border. That’s why SIOE invite people from other European countries to the Danish border at Kruså for supporting – the Danish SIOE chapter SIAD. We hope to see many German, Dutch, Polish and other European people who have the same wish to close the borders for muslim migrants. We need to stand together in this dark moment for Europe. Contact information: Telephone: +45 96771784 +45 24892441 email: siaddk@gmail.com FB:https://www.facebook.com/profile.php?id=100008697525584 in a private message"}
{"meta": {"id": "53912631", "type": "comment", "source": "http://sioeeu.wordpress.com/2015/12/27/invitation-sioe-demonstration-in-denmark/"}, "text": "Reblogged this on ReactionaryThought."}
{"meta": {"id": "53912631", "type": "comment", "source": "http://sioeeu.wordpress.com/2015/12/27/invitation-sioe-demonstration-in-denmark/"}, "text": "Reblogged this on pressefreiheit24."}
