﻿{"meta": {"id": "9374241", "type": "article", "source": "http://somatemps.me/2020/09/02/jueves-3-concentracion-justicia-victimas-coronavirus-ante-delegacion-de-gobierno/", "meta": "", "title": ""}, "text": ""}
{"meta": {"id": "99803363", "type": "article", "source": "http://somatemps.me/2020/09/01/entrevista-a-juan-carlos-segura-espana-ha-sido-el-pais-que-mejor-ha-sabido-aprovechar-las-capacidades-belicas-de-los-perros/", "meta": "", "title": ""}, "text": ""}
{"meta": {"id": "49465786", "type": "article", "source": "http://somatemps.me/2020/08/25/la-generalitat-permitira-la-diada-del-2020-mientras-prohibe-las-reuniones-de-mas-de-10-personas-en-toda-cataluna/", "meta": "", "title": ""}, "text": ""}
{"meta": {"id": "89273598", "type": "article", "source": "http://somatemps.me/2020/09/03/nacionalismo-cainita-chis-torra-purga-a-los-restos-institucionales-del-pdcat/", "meta": "", "title": ""}, "text": ""}
{"meta": {"id": "74492925", "type": "article", "source": "http://somatemps.me/2020/08/19/carrefour-rectifica-y-comunica-a-hablamos-espanol-que-incluira-el-espanol-en-su-carteleria-en-gerona/", "meta": "", "title": ""}, "text": ""}
{"meta": {"id": "50386496", "type": "article", "source": "http://somatemps.me/2020/08/20/simon-tras-comunicar-16-000-casos-en-tres-dias-no-estamos-mal/", "meta": "", "title": ""}, "text": ""}
{"meta": {"id": "49764216", "type": "article", "source": "http://somatemps.me/2020/08/18/nuevo-enfrentamiento-entre-magrebies-okupas-y-vecinos-de-la-poblacion-de-palleja-video/", "meta": "", "title": ""}, "text": ""}
{"meta": {"id": "31687760", "type": "article", "source": "http://somatemps.me/2020/08/24/sicilia-se-harta-y-ordena-la-salida-inmediata-de-los-inmigrantes-ilegales-de-la-isla/", "meta": "", "title": ""}, "text": ""}
{"meta": {"id": "49304440", "type": "article", "source": "http://somatemps.me/2020/08/18/nuevo-enfrentamiento-entre-magrebies-okupas-y-vecinos-de-la-poblacion-de-palleja-video/?share=email", "meta": "", "title": ""}, "text": ""}
{"meta": {"id": "17629570", "type": "article", "source": "http://somatemps.me/category/correccion-politica/", "meta": "", "title": ""}, "text": ""}
{"meta": {"id": "17629570", "type": "article", "source": "http://somatemps.me/category/correccion-politica/", "meta": "", "title": ""}, "text": ""}
{"meta": {"id": "17629570", "type": "article", "source": "http://somatemps.me/category/correccion-politica/", "meta": "", "title": ""}, "text": ""}
{"meta": {"id": "17629570", "type": "article", "source": "http://somatemps.me/category/correccion-politica/", "meta": "", "title": ""}, "text": ""}
{"meta": {"id": "17629570", "type": "article", "source": "http://somatemps.me/category/correccion-politica/", "meta": "", "title": ""}, "text": ""}
{"meta": {"id": "17629570", "type": "article", "source": "http://somatemps.me/category/correccion-politica/", "meta": "", "title": ""}, "text": ""}
{"meta": {"id": "17629570", "type": "article", "source": "http://somatemps.me/category/correccion-politica/", "meta": "", "title": ""}, "text": ""}
{"meta": {"id": "17629570", "type": "article", "source": "http://somatemps.me/category/correccion-politica/", "meta": "", "title": ""}, "text": ""}
{"meta": {"id": "17629570", "type": "article", "source": "http://somatemps.me/category/correccion-politica/", "meta": "", "title": ""}, "text": ""}
{"meta": {"id": "17629570", "type": "article", "source": "http://somatemps.me/category/correccion-politica/", "meta": "", "title": ""}, "text": ""}
{"meta": {"id": "17629570", "type": "article", "source": "http://somatemps.me/category/correccion-politica/", "meta": "", "title": ""}, "text": ""}
{"meta": {"id": "17629570", "type": "article", "source": "http://somatemps.me/category/correccion-politica/", "meta": "", "title": ""}, "text": ""}
{"meta": {"id": "17629570", "type": "article", "source": "http://somatemps.me/category/correccion-politica/", "meta": "", "title": ""}, "text": ""}
{"meta": {"id": "17629570", "type": "article", "source": "http://somatemps.me/category/correccion-politica/", "meta": "", "title": ""}, "text": ""}
{"meta": {"id": "17629570", "type": "article", "source": "http://somatemps.me/category/correccion-politica/", "meta": "", "title": ""}, "text": ""}
{"meta": {"id": "17629570", "type": "article", "source": "http://somatemps.me/category/correccion-politica/", "meta": "", "title": ""}, "text": ""}
{"meta": {"id": "17629570", "type": "article", "source": "http://somatemps.me/category/correccion-politica/", "meta": "", "title": ""}, "text": ""}
{"meta": {"id": "17629570", "type": "article", "source": "http://somatemps.me/category/correccion-politica/", "meta": "", "title": ""}, "text": ""}
{"meta": {"id": "17629570", "type": "article", "source": "http://somatemps.me/category/correccion-politica/", "meta": "", "title": ""}, "text": ""}
{"meta": {"id": "17629570", "type": "article", "source": "http://somatemps.me/category/correccion-politica/", "meta": "", "title": ""}, "text": ""}
{"meta": {"id": "17629570", "type": "article", "source": "http://somatemps.me/category/correccion-politica/", "meta": "", "title": ""}, "text": ""}
{"meta": {"id": "17629570", "type": "article", "source": "http://somatemps.me/category/correccion-politica/", "meta": "", "title": ""}, "text": ""}
{"meta": {"id": "17629570", "type": "article", "source": "http://somatemps.me/category/correccion-politica/", "meta": "", "title": ""}, "text": ""}
{"meta": {"id": "17629570", "type": "article", "source": "http://somatemps.me/category/correccion-politica/", "meta": "", "title": ""}, "text": ""}
{"meta": {"id": "17629570", "type": "article", "source": "http://somatemps.me/category/correccion-politica/", "meta": "", "title": ""}, "text": ""}
{"meta": {"id": "17629570", "type": "article", "source": "http://somatemps.me/category/correccion-politica/", "meta": "", "title": ""}, "text": ""}
{"meta": {"id": "17629570", "type": "article", "source": "http://somatemps.me/category/correccion-politica/", "meta": "", "title": ""}, "text": ""}
{"meta": {"id": "17629570", "type": "article", "source": "http://somatemps.me/category/correccion-politica/", "meta": "", "title": ""}, "text": ""}
{"meta": {"id": "17629570", "type": "article", "source": "http://somatemps.me/category/correccion-politica/", "meta": "", "title": ""}, "text": ""}
{"meta": {"id": "17629570", "type": "article", "source": "http://somatemps.me/category/correccion-politica/", "meta": "", "title": ""}, "text": ""}
{"meta": {"id": "17629570", "type": "article", "source": "http://somatemps.me/category/correccion-politica/", "meta": "", "title": ""}, "text": ""}
{"meta": {"id": "17629570", "type": "article", "source": "http://somatemps.me/category/correccion-politica/", "meta": "", "title": ""}, "text": ""}
{"meta": {"id": "17629570", "type": "article", "source": "http://somatemps.me/category/correccion-politica/", "meta": "", "title": ""}, "text": ""}
{"meta": {"id": "17629570", "type": "article", "source": "http://somatemps.me/category/correccion-politica/", "meta": "", "title": ""}, "text": ""}
{"meta": {"id": "17629570", "type": "article", "source": "http://somatemps.me/category/correccion-politica/", "meta": "", "title": ""}, "text": ""}
{"meta": {"id": "17629570", "type": "article", "source": "http://somatemps.me/category/correccion-politica/", "meta": "", "title": ""}, "text": ""}
{"meta": {"id": "17629570", "type": "article", "source": "http://somatemps.me/category/correccion-politica/", "meta": "", "title": ""}, "text": ""}
{"meta": {"id": "17629570", "type": "article", "source": "http://somatemps.me/category/correccion-politica/", "meta": "", "title": ""}, "text": ""}
{"meta": {"id": "17629570", "type": "article", "source": "http://somatemps.me/category/correccion-politica/", "meta": "", "title": ""}, "text": ""}
{"meta": {"id": "17629570", "type": "article", "source": "http://somatemps.me/category/correccion-politica/", "meta": "", "title": ""}, "text": ""}
{"meta": {"id": "91539099", "type": "article", "source": "http://somatemps.me/2020/07/19/la-prensa-calla-lesbianas-que-hundieron-a-un-juez-por-objetar-adopcion-abandonan-a-su-hija/", "meta": "", "title": ""}, "text": ""}
{"meta": {"id": "55584136", "type": "article", "source": "http://somatemps.me/2020/06/30/sorprendase-lo-que-pensaban-lideres-revolucionarios-de-la-homosexualidad/", "meta": "", "title": ""}, "text": ""}
{"meta": {"id": "12042388", "type": "article", "source": "http://somatemps.me/2020/08/20/simon-tras-comunicar-16-000-casos-en-tres-dias-no-estamos-mal/?like_comment=70429&_wpnonce=0bb91b9a20", "meta": "", "title": ""}, "text": ""}
