﻿{"meta": {"id": "715322", "type": "article", "source": "http://www.gazzetta.it/motori/mobilita-sostenibile/27-08-2020/skoda-octavia-motori-ibridi-anche-la-nuova-rs-3801480195634.shtml", "meta": "Giulio Masperi28 agosto - Milano Giulio Masperi28 agosto - Milano ", "title": "Skoda Octavia: motori ibridi anche per la nuova RS"}, "text": " Una quarta generazione di Skoda Octavia che fa capolino in Italia con nuove motorizzazioni ibride, anche sulla versione più performante, l’inedita RS iV plug-in da 245 cavalli che si ricarica alla “spina”. Nel Bel Paese la nuova gamma della berlina e station wagon di segmento C sarà lanciata a metà settembre 2020; le nuove motorizzazioni sono già disponibili per gli ordini. SKODA OCTAVIA MILD HYBRID— Per la prima la casa boema, parte del Gruppo Volkswagen, introduce motorizzazioni elettrificate sulla Octavia. La versione d’ingresso è la nuova variante 1.0 Tsi 110 cavalli e-Tec con tecnologia mild-hybrid, abbinata al cambio automatico Dsg a 7 rapporti di serie. Si tratta di un powertrain che ottimizza fino all’8% l’efficienza del 3 cilindri benzina, con emissioni medie di CO2 di 96-98 g/km, disponibile sulle varianti berlina e Wagon di Skoda Octavia. Il listino parte da 26.950 euro (e incentivo statale in caso di rottamazione sino a 3.940 euro). LE RICARICABILI ALLA “SPINA”— Sul fronte degli ibridi plug-in, Skoda Octavia iV è disponibile con il 1.4 Tsi benzina da 150 cavalli abbinato a un motore elettrico da 85 kW (115 Cv). Di serie è previsto il cambio automatico Dsg per una potenza complessiva di sistema di 205 Cv. La batteria agli ioni di litio da 13 kWh consente di percorrere sino a 79 chilometri in modalità a zero emissioni. Le prestazioni? Scatto da 0 a 100 km/h in 7,7 secondi per la berlina (7,8 per la Wagon) e velocità di punta pari a 220 km/h, mentre le emissioni di CO2 pari a 28 g/km e 31 g/km rispettivamente per la tre volumi e la station wagon. Le versioni ibride alla spina sono dotate di tre modalità di guida: e-Mode (elettrico), Hybrid e Sport; in dotazione cavi di ricarica tipo Mode 2 (per la rete domestica) e Mode 3 (colonnine pubbliche di ricarica rapida). I prezzi? Da 35.650 euro per la berlina, da 36.700 per la famigliare, con sconti in caso di rottamazione fino a 6.940 grazie agli incentivi statali. OCTAVIA RS IBRIDA PLUG-IN— Ha un cuore elettrificato anche la versione più sportiva, la Skoda Octavia RS, proposta nell’inedita variante RS iV 1.4 Tsi plug-in hybrid da 245 Cv. Si affianca alla più tradizionale RS con motore 2.0 Tsi e medesima potenza. Un modello che si riconosce dal primo sguardo per i cerchi specifici da 18 pollici con pinze freno maggiorate in rosso, paraurti dedicati e dettagli in nero lucido della carrozzeria, volante sportivo a tre razze, sedili sportivi e finiture in look carbonio dentro l’abitacolo. Nel dettaglio, Octavia RS ibrida abbina all’unità benzina da 1,4 litri e 150 Cv un motore elettrico da 115 Cv per una coppia massima di 400 Nm. Le prestazioni indicano uno scatto da 0 a 100 km/h in 7,3 secondi e velocità di punta pari a 225 km/h, con emissioni di CO2 limitate a 33-34 g/km. La sportiva Octavia RS è in vendita da 38.150 euro (termica) e 40.550 euro (ibrida) con sovrapprezzo di 1.050, in entrambi i casi, per le versioni Wagon. METANO, IBRIDE E DIESEL IN ARRIVO— L’offensiva ecologica di Skoda si completerà nei prossimi mesi con l’introduzione di motorizzazioni a metano (1.5 G-Tec 130 Cv), di un più potente mild-hybrid (1.5 e-Tec Dsg 150 Cv) e della Octavia RS Tdi (diesel) da 200 Cv anche con trazione integrale; in arrivo anche le varianti firmate Scout con assetto rialzato, paraurti specifici e protezioni del sottoscocca."}
{"meta": {"id": "27445752", "type": "article", "source": "http://www.gazzetta.it/Formula-1/28-08-2020/libere1-belgio-verstappen-incalza-mercedes-ferrari-lontane-3801499932286.shtml", "meta": "28 agosto - Milano 28 agosto - Milano ", "title": "Libere1, Verstappen incalza le Mercedes. A Spa Ferrari lontane"}, "text": " Mercedes subito in evidenza nella prima sessione di Libere del GP del Belgio di F.1 sulla pista di Spa. Il miglior tempo della mattinata del venerdì, infatti, è di Valtteri Bottas, che festeggia i suoi 31 anni con il crono di 1 44 493 e precede il compagno Lewis Hamilton, staccato di soli 69 millesimi. La Red Bull di Max Verstappen è però vicina alle monoposto della Stella: l olandese è infatti terzo a soli 0 081. Attardate le Ferrari, la migliore è a 1 2. Nei dieci Sotto un cielo coperto, che potrebbe però portare pioggia nei prossimi giorni, dopo alcuni tentativi con le mescole bianche e gialle tutti passano all attacco al tempo con le rosse, le gomme più veloci a disposizione. Alla fine la spunta la Mercedes, in una top-10 che include anche Racing Point, Renault e McLaren. Ecco i primo dieci delle Libere1: 4. Sergio Perez (Racing Point) a 0.136; 5. Lance Stroll (Racing Point) a 0.375; 6. Alexander Albon (Red Bull) a 0.556; 7. Esteban Ocon (Renault) a 0.606; 8. Carlos Sainz (McLaren) a 0.729; 9. Daniel Ricciardo (Renault) a 0.732 e 10. Lando Norris (McLaren) a 0.781. Ferrari indietro E le Ferrari? Mattinata non felice per il Cavallino, le cui monoposto sono lontane dai migliori e fuori dai dieci: il primo dei ferraristi è Charles Leclerc, che qui vinse l anno scorso, 14. a 1 266 , mentre il suo compagno Sebastian Vettel è 15. a 1 6. Weekend che per Maranello inizia più in salita della curva dell Eau Rouge. Haas ferme Problemi per le Haas di Magnussen e Grosjean, sulle cui monoposto sono state sostituite le Power Unit per inconvenienti elettrici, e rallentato anche Antonio Giovinazzi per delle noie: per tutti e tre nessun tempo."}
{"meta": {"id": "27445752", "type": "comment", "source": "http://www.gazzetta.it/Formula-1/28-08-2020/libere1-belgio-verstappen-incalza-mercedes-ferrari-lontane-3801499932286.shtml"}, "text": "che figura per la FERRARI.....1,2 secondi su un giro per la fabbrica di bolidi.... "}
{"meta": {"id": "27445752", "type": "comment", "source": "http://www.gazzetta.it/Formula-1/28-08-2020/libere1-belgio-verstappen-incalza-mercedes-ferrari-lontane-3801499932286.shtml"}, "text": "Prendere 1,2 a Spa per la Ferrari di quest anno non è neanche così male. Purtroppo. "}
{"meta": {"id": "27445752", "type": "comment", "source": "http://www.gazzetta.it/Formula-1/28-08-2020/libere1-belgio-verstappen-incalza-mercedes-ferrari-lontane-3801499932286.shtml"}, "text": "Tranquillo... È solo venerdì.... Domani saranno a 2 secondi "}
