﻿{"meta": {"id": "59546960", "type": "article", "source": "http://www.huelvainformacion.es/huelva/Personal-educativo-Huelva-vuelta-cole-covid_0_1498050587.html", "meta": "03 Septiembre, 2020 - 18:49h ", "title": "Personal educativo exige en Huelva bajar la ratio de alumnos por monitores escolares "}, "text": "Trabajadores de los servicios educativos externalizados se han concentrado hoy ante la Delegación Territorial de Educación en Huelva para exigir una vuelta segura al cole con medidas como la disminución de la ratio de alumnos por monitores escolares, ha informado CCOO-A en un comunicado. Con estas protestas que se están llevando a cabo en toda Andaucía, CCOO exige medidas extraordinarias para reforzar la lucha contra la propagación de la COVID-19 en los centros escolares públicos andaluces, medidas que, según el sindicato, “no deben circunscribirse únicamente a las aulas sino a todas las actividades desarrolladas por el personal externalizado” -monitoras y cocineras de comedores escolares, actividades extraescolares, aulas matinales, auxiliares de limpieza, personal técnico de integración social e intérpretes de lengua de signos . Aunque considera la labor del personal de servicios fundamental, ha denunciado que “ni sus precarias condiciones laborales ni el hecho de que la Junta los haya olvidado en su decálogo para la vuelta al colegio lo demuestran”. En la situación actual de rebrotes y cuando la Junta ha dictado medidas extraordinarias para reforzar la lucha contra la propagación de la COVID-19, “es fundamental extremar las medidas de seguridad y salud no solo en el área educativa sino en todas las mencionadas anteriormente”, ha asegurado CCOO-A. Por ello, ha reclamado convocar el diálogo social para concretar aspectos esenciales de la vuelta a las aulas , como la reducción del número de la ratio de alumnos por monitor o monitora de comedores escolares para garantizar las medidas de seguridad, estableciendo también ratios de alumnado en las aulas matinales. Además, plantea que se garantice la jornada de convenio y se amplíe las plantillas actuales para doblar el servicio de comedor de forma generalizada en todos los centros "}
{"meta": {"id": "5698190", "type": "article", "source": "http://www.huelvainformacion.es/contacto/", "meta": "", "title": "Contacto "}, "text": "¿Quiere contactar con nuestra redacción? Redacción: redaccion@huelvainformacion.es Cartas al director: redaccion@huelvainformacion.es ¿Quiere saber cómo contratar publicidad o consultar las tarifas y formatos? Publicidad: publicidad@huelvainformacion.es Marketing: marketing@grupojoly.com ¿Es suscriptor o quiere serlo? Correo electrónico: suscripciones@huelvainformacion.es Club del suscriptor: huelvainformacion.clubsuscriptor.es Suscripción PDF: pdfinteractivo.es También puede dirigirse a la sede de Huelva Información : Dirección: C/ Alcalde Mora Claros nº 1. 1ª Planta | CP: 21001 | Huelva Teléfono: 959541150/80 Fax: 959260608 (Redacción)/959259467 (Publicidad) "}
{"meta": {"id": "79493764", "type": "article", "source": "http://www.huelvainformacion.es/motor/Hyundai-Kona-microhibridacion-Diesel-Line_0_1498350268.html", "meta": "04 Septiembre, 2020 - 09:11h ", "title": "El Hyundai Kona estrena microhibridación para su Diesel y versiones N Line "}, "text": "El nuevo Hyundai Kona, el SUV de 4,21 m -crece 4 cm con la modificación de sus parachoques-, estará a la venta antes de que acabe el año con una nueva versión N Line con un tratamiento específico, más deportivo, del frontal y la trasera, además de que ya incorpora los cambios de aspecto de los Kona 2021 . Las tomas de aire situadas por encima de la parrilla -que desplazan el logo de la marca hasta ésta- serán uno de los sellos distintivos de estos Hyundai Kona N Line, pero no los únicos, pues para acentuar su especificidad, pierden los pasos de rueda negros tan característicos de otras versiones y que se conectan con la zona inferior del paragolpes, incorporan superficies diferentes por debajo de los faros o un gran difusor trasero con doble escape latera l. Como el resto de Hyundai Kona, utilizan tecnología LED en las luces de circulación diurna. Detrás los cambios de la nueva gama son más sutiles y se concentran en los pilotos y paragolpes. Por otro lado, hay nuevos diseños para las llantas de 17 y 18”, en tanto que crece la gama de colores para la carrocería . Cada uno de ellos puede combinarse con techos negros, Phantom Black, en contraste. También se usaría ese color en las carcasas de los retrovisores. Los Hyundai Kona N Line también se distinguen claramente vistos por detrás por el difusor y la doble salida de escape. Los Hyundai Kona N Line también se distinguen claramente vistos por detrás por el difusor y la doble salida de escape. El paquete N Line en el interior se caracteriza por el color negro con asientos de tela, cuero o ante, además de con costuras rojas, pedales de metal pulido o una palanca de cambio con el logotipo N. En todo caso, la modificación más significativa de los Hyundai Kona de puertas a dentro es el rediseño de la consola central , así como la mayor presencia de puntos de iluminación ambiental o tapicerías entre las que elegir. Como en el Hyundai i20, se utiliza instrumentación con una pantalla de 10,25”, mientras que la pantalla central, también de 10,25”, recibe con nuevas características de conectividad y la posibilidad de trabajar con simultáneamente con varias tareas, mediante la funcionalidad de pantalla dividida. Podrá conectarse a varios equipos Bluetooth y está equipada con un sistema de reconocimiento de voz. De serie, incluso con las pantallas pequeñas que incluyen la radio DAB, se dispone de Apple CarPlay y Android Auto sin necesidad de cables de conexión con los smartphones. Los datos de la instrumentación se vuelcan ahora sobre una pantalla, como ya ocurriera con el Hyundai i20. El sistema de infoentretenimiento experimenta notables mejoras. Los datos de la instrumentación se vuelcan ahora sobre una pantalla, como ya ocurriera con el Hyundai i20. El sistema de infoentretenimiento experimenta notables mejoras. El Diesel, con 48 voltios En la gama de motores la gran novedad es la incorporación de un sistema eléctrico de 48 voltios para el motor Diesel 1.6 de 136 CV con cualquiera de los dos cambios, manual o automático. Incluso en las versiones de tracción total. Esa microhibridación también alcanza al 1.0 T-GDI de 120 CV , en este caso con la caja manual, con lo que ambos tendrían la etiqueta Eco. Este motor de 120 CV también estará disponible sin la red eléctrica de 48 voltios . La microhibridación del Diesel, así como del motor de menos potencia de gasolina, hacen distinto al Hyundai Kona del resto de competidores. La microhibridación del Diesel, así como del motor de menos potencia de gasolina, hacen distinto al Hyundai Kona del resto de competidores. El resto de la gama la compondrían el 1.6 T-GDI de 198 CV, u n motor presentado el año pasado con tecnología CVVD, una distribución que controla el tiempo de apertura y cierre de las válvulas; además de otros recursos como recirculación de gases o gestión térmica integrada. Usa la caja de doble embrague de siete velocidades. No hay cambios en la versión hibrida, presente en la gama del Hyundai Kona desde el año pasado . Esta versión utiliza dos motores, uno de gasolina y un eléctrico, para ofrecer una potencia combinada de 141 CV entregada a través de un cambio automático de doble embrague y seis marchas. "}
{"meta": {"id": "91485918", "type": "article", "source": "http://www.huelvainformacion.es/pilar_cernuda/", "meta": "", "title": ""}, "text": ""}
{"meta": {"id": "76118836", "type": "article", "source": "http://www.huelvainformacion.es/tag/novedades_coches/", "meta": "", "title": ""}, "text": ""}
{"meta": {"id": "68110993", "type": "article", "source": "http://www.huelvainformacion.es/con_cuchillo_y_tenedor/recetas/Receta-gazpacho-cerezas_0_1498350270.html", "meta": "04 Septiembre, 2020 - 09:30h ", "title": "Receta de gazpacho de cerezas "}, "text": "Una receta rápida que todos conocemos y que ahora diversificamos un poco con el toque de la cereza . Aún quedas días de calor y este gazpacho es perfecto como bebida para estas semanas de finales de verano. Se tarda 5 minutos en elaborarlo, aunque eso sí, previamente habrá que deshuesar las cerezas. Ingredientes 1 kg de tomates maduros 250 g de cerezas 1 pimiento verde italiano ½ cebolla 1 diente de ajo 8 cucharadas de aceite de oliva virgen extra Vinagre al gusto Una pizca de sal Un trozo de pan (opcional) Elaboración Lavamos los tomates, les quitamos el pedúnculo y los troceamos, no hace falta pelarlos. Lavamos el pimiento, lo partimos por la mitad, le quitamos las semillas del interior y lo troceamos. Y con la cebolla igual, la pelamos y la troceamos. Ponemos todas las verduras (el diente de ajo también) y las cerezas deshuesadas en el vaso de la batidora (o en un bol amplio si el vaso se os queda pequeño) o en el robot de cocina, si tenéis. Batimos las verduras hasta que estén bien trituradas y no quede ningún grumo. Añadimos la sal, el aceite de oliva virgen extra y el vinagre y volvemos a batir hasta que esté bien integrado. Ahora toca dejar el gazpacho de cerezas con la textura que más os guste. Si os gusta muy líquido para beber directamente de un vaso, pues podéis añadirle un poco más de agua si lo necesitáis. En cambio, si queréis más espeso para comer a cucharadas, añadís un poco de pan para que quede más estilo salmorejo y listo . Para ver todo el proceso al completo con imágenes, entra en en  Blog de Guillermo Osorio No me comes nada . Para ésta, y muchas recetas más. "}
{"meta": {"id": "53622023", "type": "article", "source": "http://www.huelvainformacion.es/sociedad/Unicef-felicidad-ninos-espanoles-comprometida-sobrepeso_0_1498050487.html", "meta": "03 Septiembre, 2020 - 16:31h ", "title": "Unicef concluye que la felicidad de los niños españoles está comprometida por el sobrepeso "}, "text": "España ocupa el sexto puesto en un informe sobre el bienestar de la infancia elaborado por Unicef , que sitúa a los Países Bajos, Dinamarca y Noruega como los mejores lugares para ser niños en los países ricos y que revela que el sobrepeso es el punto débil de los menores españoles y la salud mental su mejor indicador.  Unicef detalla que se trata de una nueva edición de los informes Report Card de la Ong , que publica desde hace 20 años, y que señalan que el suicidio, la infelicidad, la obesidad y la falta de destrezas sociales y académicas se han convertido en características demasiado comunes de la infancia en los países de ingresos altos.  El informe coloca a España en el sexto puesto en bienestar de la infancia (sobre un total de 38 países), sumando las 3 variables de bienestar mental, bienestar físico y destrezas , aunque también preocupan los efectos de la covid-19.  Se demuestra que ya antes de la pandemia, en los países más ricos del mundo, la vida cotidiana de millones de niños y niñas estaba muy alejada de lo que podríamos considerar una infancia feliz . España no es una excepción, y aquí también prevemos que la situación empeorará debido a los efectos del coronavirus y de las medidas de contención , ha explicado Javier Martos, director ejecutivo de UNICEF.  España obtiene su peor dato en bienestar físico , en el vigésimo tercer puesto, ya que 1 de cada 3 niños y niñas en España –el 34%- de entre 5 y 19 años tiene sobrepeso u obesidad.   Sin embargo, en salud mental , se sitúa en el tercer lugar, con un 81,7% de los adolescentes de 15 años muy satisfechos con sus vidas, seis puntos por encima de la media (75,7%).   La tasa de suicidio en España es del 2,6% entre adolescentes y jóvenes de entre 15 y 19 años por cada 100.000 niños, de las más bajas de Europa (la media en el informe se sitúa en 6,5%), según Unicef, que destaca que una de las variables que más influye en el nivel de bienestar mental es el alto grado de apoyo de las familias a los jóvenes de 15 años.  También en el desarrollo de las destrezas académicas y sociales de los niños y niñas, España se encuentra en el tercio superior del ranking, pues 2 de cada 3 adolescentes de 15 años (67 %) tienen un dominio básico de comprensión lectora y matemáticas, así como el 81% declara hacer amigos fácilmente (habilidades sociales), lo que pone de manifiesto que los niños y niñas sienten confianza en sus relaciones interpersonales. "}
{"meta": {"id": "12042608", "type": "article", "source": "http://www.huelvainformacion.es/tag/diesel/", "meta": "", "title": ""}, "text": ""}
{"meta": {"id": "43895081", "type": "article", "source": "http://www.huelvainformacion.es/opinion/articulos/Dar-narices_0_1498350174.html", "meta": "", "title": "Dar en las narices "}, "text": "Poco ha durado la satisfacción de Arrimadas, que tras su encuentro con Pedro Sánchez y ofrecerle el apoyo para los Presupuestos, se presentó como una política responsable que con esa propuesta estaba promoviendo que el Gobierno se dejara de aventurerismo y presentara unos presupuestos moderados. La líder de Cs daba a entender que gracias a su actitud se apuntaba un tanto porque con impedía el compadreo de Sánchez con ERC. Un partido irracionalmente independentista, empeñado en cumplir su objetivo secesionista. Arrimadas dejaba fuera de juego a Junqueras y Rufián porque ya no era indispensable para Sánchez llamar a la puerta de ERC, que no da nada sin algo a cambio. Así las cosas, que convenía celebrar porque la postura de Cs impedía el erre que erre de ERC, Sánchez recibe a Rufián en su ronda con dirigentes de la oposición y acuerda con él retomar la Mesa de Diálogo que parecía abocada a ser un mal recuerdo. No lo era, según lo acordado entre los dos políticos se celebrará a mediados de mes, y le ha faltado tiempo a ERC para advertir de que acudirán con las exigencias de siempre: la primera, acordar la manera de celebrar un referéndum de independencia. Insisten los socialistas siempre en que ese referéndum sólo se celebraría si fuera constitucional, pero la historia demuestra que las huestes independentistas, cuando escuchan esa palabra, se empecinan en convocarlo aunque sea por las bravas y al margen de la ley. A Sánchez le gusta dar en las narices a sus interlocutores, y Arrimadas lo acaba de aprender en carne propia. La presidenta de Cs queda regular, tirando a mal, tras anunciar el respaldo a Sánchez, porque lo hizo precisamente para impedir así decisiones tan turbias, tan hirientes, como convocar la mesa de diálogo con los independentistas. También ha dado en las narices Sánchez a los presidentes regionales con los que mantendrá una reunión telemática mañana. Aceptó lo que pedían, más capacidad de decisión sobre las medidas contra el Covid y para paliar sus efectos ante la apertura del curso escolar, con el Gobierno como coordinador; pero lo que ha trascendido es que esa oferta tiene trampa: asumir competencias sí, pero ni un duro para las medidas que vayan a tomar los gobiernos regionales. Al único dirigente que no da caña es a Santiago Abascal, porque ni le mira a la cara, así difícilmente puede engañarle. Y tampoco tiene problema con su socio Pablo Iglesias: sabe que puede machacarle, que Iglesias no se inmuta. Traga todo porque lo único que le importa es no perder la Vicepresidencia. "}
{"meta": {"id": "51815326", "type": "article", "source": "http://www.huelvainformacion.es/tag/diesel/?page=4", "meta": "", "title": ""}, "text": ""}
{"meta": {"id": "34334300", "type": "article", "source": "http://www.huelvainformacion.es/maria_jose_guzman/", "meta": "", "title": ""}, "text": ""}
{"meta": {"id": "402409", "type": "article", "source": "http://www.huelvainformacion.es/tecnologia/nuevos-dispositivos-sonido-jbl-harman-kardon_0_1497750753.html", "meta": "02 Septiembre, 2020 - 22:52h ", "title": "IFA 2020 Harman amplía su catálogo con nuevos dispositivos de sonido JBL y Harman Kardon "}, "text": "Desde Ámsterdam y en formato virtual, Harman International se ha adelantado unas horas al comienzo oficial de la feria de electrónica de consumo de Berlín ( IFA , que este año combinará eventos presenciales con otros virtuales por la pandemia ) para presentar las novedades de dos de las marcas que engloba, JBL y Harman Kardon . Más información Altavoz inteligente Harman Kardon Citation 200 Altavoz inteligente Harman Kardon Citation 200 Galería gráfica: Imágenes de los nuevos productos de sonido de JBL y Harman Kardon La primera de ellas incorpora a su catálogo de productos de audio auriculares inalámbricos, altavoces Bluetooth y dos nuevas partyboxes . La segunda amplía su oferta de altavoces inteligentes diseñados principalmente (pero no exclusivamente) para su uso en casa. Auriculares inalámbricos JBL La compañía ha presentado tres nuevos auriculares inalámbricos: JBL Live FREE NC+ y Reflect MINI TWS, con cancelación de ruido activa (y la tecnología de JBL Smart Ambient para escuchar lo que nos rodea cuando es necesario), certificación IPX7 de resistencia al agua y mayor batería. A ellos se unen los JBL Tune 225TWS , versión mejorada de los Tune 220TWS. Los tres auriculares cuentan con sincronización Dual Connect + Sync, para conectarlos de forma independiente e inmediata, con solo abrir el estuche de carga, para contestar las llamadas con cualquier auricular o asignarles funciones independientes. Auriculares inalámbricos JBL Live FREE NC+ Auriculares inalámbricos JBL Live FREE NC+ Los auriculares JBL Live FREE NC+ tienen hasta 21 horas de batería (siete de reproducción con una carga, 21 si se combinan con el estuche) y tecnología Qi de carga inalámbrica (también USB-C). Compatibles con el asistente de Google y la Alexa de Amazon con un botón dedicado a ellos, estarán disponibles en España en octubre, en cuatro colores y por 159,99 euros. Auriculares inalámbricos JBL Reflect MINI TWS Auriculares inalámbricos JBL Reflect MINI TWS Diseñados para la actividad deportiva (aunque aptos para cualquier otra actividad), los JBL Reflect MINI TWS ofrecen un ajuste de seguridad para el oído y un diseño discreto y compacto. Comparte las mismas características de sonido, batería y protección contra el agua y también es compatible con el asistente de Google y Alexa. A partir de octubre en España, en tres colores y por 149,99 euros. Auriculares inalámbricos JBL Tune 225TWS Auriculares inalámbricos JBL Tune 225TWS Por su parte, los auriculares JBL Tune 225TWS ofrecen bajos JBL Pure Bass y drivers dinámicos de 12mm para un potente sonido, hasta cinco horas de reproducción con una carga de batería (25 horas combinado con el estuche de carga con conexión USB-C), función de manos libres con sonido estéreo, un estuche cómodo y un diseño ergonómico. En octubre en España, en seis colores por 99,99 euros. Altavoz JBL Xtreme 3 Altavoz JBL Xtreme 3 Altavoz JBL Xtreme 3 La nueva generación del altavoz portátil JBL Xtreme ofrece un sonido estéreo aún más envolvente (cuatro drivers perfeccionados y dos potentes subwoofers), un diseño renovado y resistente al agua y al polvo (certificación IP67). Tiene una correa para facilitar su transporte y la batería permite hasta 15 horas de reproducción (y cargar otros dispositivos). Se pueden conectar dos dispositivos diferentes y con la función PartyBoost es posible emparejar dos o más altavoces compatibles. Estará disponible en España a partir de octubre, en tres colores diferentes, por 299,99 euros. Altavoz JBL Go 3 Altavoz JBL Go 3 Altavoz JBL Go 3 El altavoz más pequeño de la marca llega con rediseño, mayor tamaño y una correa integrada que, junto al tejido que lo recubre hace que sea muy cómodo llevarlo en la mano. Para cuando el usuario decida ponerlo sobre una superficie, unas finas líneas de silicona evitarán que se deslice. Su batería aguanta cinco horas, ofrece el sonido enriquecido de JBL Pro y unos bajos potentes. También tiene certificación de resistencia al agua y al polvo IP67. A la venta en España en octubre en distintos colores y por 39,99 euros. Altavoz JBL Clip 4 Altavoz JBL Clip 4 Altavoz JBL Clip 4 La marca también ha renovado su altavoz portátil compacto. JBL Clip 4 ofrece diez horas de reproducción y, como sus compañeros, grandes bajos y certificación de resistencia al agua y al polvo IP67. JBL ha rediseñado el mosquetón para hacerlo más elegante. Disponible en España en octubre, en múltiples colores, por 59,99 euros. JBL PartyBox On-The-Go y PartyBox 310 Las partyboxes de JBL, sus cajas de fiesta o altavoces que ofrecen mucho más que sonido, son uno de los productos más populares de la firma. A sus propuestas en este segmento se añaden ahora PartyBox On-The-Go y PartyBox 310 , con baterías recargables y diseñados para una máxima portabilidad (con correa para el hombro o ruedas y asa para transportarlo). JBL PartyBox On-The-Go JBL PartyBox On-The-Go JBL PartyBox On-The-Go ofrece sonido profesional con 100 vatios de potencia y luces que se sincronizan con la música. Se pueden conectar dos de forma inalámbrica y el acceso a las canciones es muy cómodo ya sea por Bluetooth o USB. Es posible combinarlo con un micrófono enchufado o inalámbrico (incluye afinación de bajos, agudos y eco) o con un instrumento a través del conector correspondiente. Su batería dura seis horas, trae una correa acolchada, un abrebotellas y protección IPX4 a prueba de salpicaduras. Saldrá a la venta por 299,99 euros. Por su parte, PartyBox 310 , con ruedas y asa de transporte, permite enchufar un micrófono y una guitarra , incorpora efectos de sonido y, como su compañero, también sonido profesional con luces sincronizadas con la música y certificación IPX4. La diferencia es que esta batería dura 18 horas y que la potencia del sonido es de 240 vatios. Tiene conexión Bluetooth y USB y la posibilidad de conectar una pareja de forma inalámbrica. Sus botones con luz de fondo facilitan acceder a los controles en la oscuridad y, si queremos manejarlo a distancia, podremos hacerlo con una aplicación propia. Estará disponible a partir de septiembre por 499,99 euros. Altavoz inteligente Harman Kardon Citation 200 Altavoz inteligente Harman Kardon Citation 200 Altavoz inteligente Harman Kardon Citation 200 Audio en alta definición en cualquier lugar. Es lo que promete el altavoz inteligente Harman Kardon Citation 200 , que permite escuchar música en streaming con Wi-Fi o Bluetooth, con un altavoz de alta frecuencia de 1” y un altavoz de rango medio dinámico de 5” que se combinan con dos subwoofers pasivos para unos bajos más profundos. Ofrece ocho horas de reproducción continua y, para cargarlo, basta con situarlo sobre su base o, si estamos fuera, usar el puerto USB-C. Su exterior está recubierto por un tejido de lana de la firma Kvadrat, con revestimiento que repele la suciedad. También repele las salpicaduras gracias a su protección IPX4 contra el agua. Basta un Hey, Google para activar las funciones del asistente y también trae incorporado AirPlay y Chromecast para acceder a más de 300 servicios de música en streaming . Cualquier altavoz de la misma gama se le puede conectar para crear un ambiente en toda la casa (o distintos ambientes, si lo deseamos). Está disponible en dos colores por 349,99 euros. "}
{"meta": {"id": "19235375", "type": "article", "source": "http://www.huelvainformacion.es/deporte/penaltis-sonrien-sub-21-encarrila-clasificacion-europeo_0_1498050668.html", "meta": "03 Septiembre, 2020 - 21:08h ", "title": "Los penaltis sonríen a la sub-21, que encarrila la clasificación para el Europeo "}, "text": "La selección española Sub-21 logró este jueves los tres puntos en su visita a Macedonia del Norte (0-1) en un partido en el que no destacó por su brillo habitual en el juego y que se decantó desde los once metros, con un penalti marcado por Hugo Duro en el minuto 83 y otro detenido por Josep Martínez a Mitrovski en el m.89. España no se encontró cómoda en ningún momento . El 4-1-4-1 propuesto por Luis de la Fuente no cuajó sobre el terreno de juego y el equipo no logró hacerse con el control del juego. Esto, unido a un once inédito en el que solo Andrés Martín repetía respecto al último partido (1-1 contra Israel) hace 10 meses, mostró a un equipo aún por formar . Aun así, un chispazo de magia de Riqui Puig con un pase filtrado en el minuto 20 rompiendo dos líneas del conjunto local la primera ocasión del partido aunque Dani Gómez se quedó a centímetros de llegar a un balón que atrapó un ágil Jankov. Desde entonces, Macedonia del Norte se hizo con el dominio del encuentro y vivió en el campo de España , pero, más allá de una salida en falso de Josep Martínez, no generaron peligro. Es más, fue España, en otra demostración de la mayor calidad que atesora, quien volvió a avisar. Carles Aleña en el minuto 36 sirvió el balón a la entrada por izquierda de Juan Miranda, quien la puso de primeras al segundo palo en un toque precipitado, sin dejar botar el esférico, que no encontró rematador en el segundo palo. De la Fuente intentó cambiar el guion del partido cambiando al descanso al ‘9’, la posición que incluso en la ‘antigua’ generación de la Sub-21, la previa al coronavirus, dejaba más dudas en España. Los seis futbolistas que vieron puerta en el actual ciclo que comenzó en septiembre de 2019 - Dani Olmo (3); Manu García (2); Buñuel, Cucurella, Pedrosa y Óscar Rodríguez (1) no están, por diferentes motivos, en la lista. Entró Hugo Duro , a la postre clave, quien recientemente confirmó su cesión desde el Getafe al Real Madrid Castilla, pero la fluidez no mejoró hasta pasada la hora de partido cuando el seleccionador español introdujo a Antoñín por banda izquierda con la clara misión de encarar y aportar la chispa que le faltó a España. En el mismo parón se produjo el debut de Pedro González ‘Pedri’ con la Sub-21 a sus solo 17 años . El canario no entró mucho en juego, colocado escorado a la derecha, pero participó en la jugada inauguró el marcador combinando con Gonzalo Villar quien sirvió el balón a Pipa, lateral derecho, que se incorporó al ataque sorprendiendo y provocando el error de Serafimov agarrándole y cometiendo la pena máxima que convirtió Hugo Duro con maestría , engañando por completo al guardameta y ajustando al palo derecho. Un 0-1 que no tardó en complicarse. Cuatro minutos más tarde, otra salida en falso de Josep Martínez en la que se llevó por delante a su compañero Zubimendi y con el brazo derecho tocó a Daci Erdon. Error que el propio guardameta del RB Leipzig se encargó de solventar deteniendo el disparo de Mitrovski , quien intentó repetir la fórmula de Hugo Duro pero el portero español le aguantó adivinándole el disparo. El punto de suerte que has de tener en los penaltis sonrió a España en ambas áreas y desatascó así un partido que parecía abocado al 0-0 por la escasez de ocasiones e ideas en ataque. Tres puntos de oro que dejan al combinado de Luis de la Fuente con pie y medio en el Europeo del próximo verano , que se disputa en Hungría y Eslovenia, ya que lidera el Grupo 6 con 16 puntos por los 8 de Israel, con un partido menos y que ayer miércoles perdió contra el rival más débil del grupo -Islas Feroe (3-1). "}
{"meta": {"id": "67635679", "type": "article", "source": "http://www.huelvainformacion.es/motor/Peugeot-actualiza-SUV-tamano-argumentos_0_1498350155.html", "meta": "04 Septiembre, 2020 - 00:26h ", "title": "Peugeot actualiza su 5008, su SUV de mayor tamaño, con los mismos argumentos del 3008 "}, "text": "El Peugeot 5008, el SUV de 4,64 m de largo que dispone de siete plazas , recibe una actualización de mitad de vida comercial que, principalmente, se plasma en los cambios de aspecto de su carrocería que se concentran en la zona frontal. Como en el Peugeot 3008, esta área tiene un tratamiento específico en el caso de las versiones GT. En términos funcionales, los faros incluyen tecnología LED para todas las versiones y una nueva firma lumínica. En los GT todas las funciones LED e incluyen un modo niebla que hace innecesario el faro específico para esta función. También los pilotos son con LED que se disponen en forma de garras 3D. En los Peugeot 5008 GT las llantas de 19” tienen un diseño novedoso. Estas versiones pueden incorporar un acabado nuevo que se denomina Black Pack. Utiliza numerosos elementos, sobre todo de la carrocería, de calor negro brillante. En el habitáculo se usa una instrumentación que proporciona mayor contraste y, así, mejor lectura, en tanto que la pantalla central es más grande . Hay una nueva distribución de tapicerías en función de los niveles de acabado, así como inserciones de madera y cromadas en los GT, que también reciben retrovisores sin marco. Una instrumentación con mayor contraste y una pantalla central más grande distinguen este restyling del Peugeot 5008. Una instrumentación con mayor contraste y una pantalla central más grande distinguen este restyling del Peugeot 5008. En cuanto a la nueva tecnología incorporada con esta actualización, la estrella es el Night Vision, un sistema que permite detectar con una cámara infrarroja seres vivos hasta 250 m por delante del coche, más allá del alcance de la luz. Sin embargo, también incorpora un control de velocidad de crucero con función Stop and Go si tiene la caja automática EAT8 que, junto al asistente de posición en el carril, posibilita un cierto grado de conducción semiautónoma . También el freno de emergencia de última generación es capaz de detectar peatones y ciclistas, de día y noche, entre 5 y 140 km/h y el sistema de reconocimiento de señales ya lee las de stop, dirección única, prohibición de adelantar, etc. Para cargar los dispositivos móviles -los teléfonos pueden conectarse con protocolos Apple CarPlay y Android Auto- hay una superficie inalámbrica y dos nuevos puertos USB en la parte posterior del Peugeot 5008 que se suman a la delantera. Las versiones GT son las que más se benefician de cambios, con numerosas especificidades como llantas, faros full LED, inserciones en el interior, etc. Las versiones GT son las que más se benefician de cambios, con numerosas especificidades como llantas, faros full LED, inserciones en el interior, etc. En cuanto a la gama de motores, no hay cambios , con los PureTech de 1,2 litros y 130 CV con cajas manuales y automáticas; y los 1.6 de 180 CV., sólo con la segunda, la EAT8. En Diesel, el 15 BlueHDI de 130 tiene la misma combinación de cambios que el de potencia equivalente de gasolina, y mientras que el de 180 CV, al igual que el PureTech, sólo dispone de cambio automático. La oferta no contempla ningún tipo de electrificación . La redistribución de la oferta pasa por la estratificación en tres niveles principales , Active, Allure y GT, a los que se suman pasos intermedios que se denominan Pack . El más alto, por tanto, sería el GT Pack. "}
{"meta": {"id": "72466453", "type": "article", "source": "http://www.huelvainformacion.es/motor/innovacion-llega-nivel-Mercedes-Clase_0_1498050281.html", "meta": "03 Septiembre, 2020 - 07:53h ", "title": "Así serán los coches del mañana: llega el Mercedes Clase S "}, "text": "El Mercedes Clase S, la berlina de lujo más vendida del mundo, estrena generación y su objetivo es ofrecer un salto en innovación, seguridad, confort y calidad hasta un nivel desconocido. Se pondrá a la venta este mismo mes de septiembre, produciéndose sus primeras entregas a lo largo de este año. La gama la compondrán cinco versiones en función de sus motores, tanto en gasolina como Diesel, aunque inicialmente serán cuatro las que se vendan en España: S500 4Matic, S350d y S350d 4Matic y S400d 4 Matic, con motores de 367, 286 y 330 CV. Todos tienen seis cilindros y, los de gasolina, un sistema de microhíbridación de 48 voltios que aporta electricidad para un compresor eléctrico -también tienen un turbo los S500, o dos en los Diesel, movidos con gases de escape- y a un motor que suma energía al de combustión cuando es necesario. Este motor-arrancador integrado en la caja de cambios (ISB) también llegará a una futura versión con un motor V8 de gasolina y en 2021 se sumará a la oferta un híbrido enchufable que ya promete una autonomía eléctrica superior a los 100 km . Gracias a la microhibridación, los consumos bajan. Son de entre 6,4 y 8 l/100 km para los Diesel y los del S500 4Matic oscilan entre 8 y 9,5 l/100 km, según las definiciones de equipamiento, llantas, etc. Gracias a la microhibridación, los consumos bajan. Son de entre 6,4 y 8 l/100 km para los Diesel y los del S500 4Matic oscilan entre 8 y 9,5 l/100 km, según las definiciones de equipamiento, llantas, etc. Dos formatos para el máximo espacio Como es habitual en los Mercedes Clase S contará con dos carrocerías de diferente longitud: una de 5,18 m, la corta; y otra de 5,29 cm, larga . La diferencia de 11 cm la define la distancia entre ejes de cada cual, como ha ocurrido siempre, y que ahora es mayor de lo que nunca ha sido, de manera que el Clase S puede resultar especialmente más espacioso para los ocupantes de las plazas traseras que la gran mayoría del resto de coches. Espacio, confort, seguridad... y mucha tecnología se dan cita en el Mercedes Clase S pero, muy especialmente, volcados hacia los ocupantes de las plazas traseras. Espacio, confort, seguridad... y mucha tecnología se dan cita en el Mercedes Clase S pero, muy especialmente, volcados hacia los ocupantes de las plazas traseras. Entre las innovaciones más radicales de esta nueva generación están las relacionadas con el salto digital . Por ejemplo, el que se da con el MBUX, que es como Mercedes llama al sistema que permite el manejo de diferentes sistemas en sus coches. En el Clase S se estrena la segunda generación y puede llevar a su habitáculo haca cinco pantallas - cuatro grandes y una extraíble en el reposabrazos central trasero-, algunas con tecnología OLED. Desde ellas se pueden controlar funciones como teléfono, navegación, equipo de sonido o televisión, aplicaciones, información sobre el coche, climatización… También compartir contenidos con solo arrastrarlos. Muchas de las funciones disponibles para los ocupantes de las plazas delanteras lo están también para los de las traseras gracias a las grandes pantallas integradas en los respaldos de los asientos. Muchas de las funciones disponibles para los ocupantes de las plazas delanteras lo están también para los de las traseras gracias a las grandes pantallas integradas en los respaldos de los asientos. Como opción podrá disponer de dos versiones diferentes de head-up display. Son los HUD más grandes, hasta con una superficie de 77 ” y con realidad aumentada que permite disponer de información y datos de guiado que parece proyectada a unos 10 m del coche. Otro de los cambios está la amplitud del diálogo natural del asistente de voz, que ahora puede realizar tareas sin necesidad de decir “Hey Mercedes” , como atender al teléfono. Cámaras en el techo ayudan a que el Clase S se adelante a las necesidades del conductor, reduciendo sus tareas. Cámaras en el techo ayudan a que el Clase S se adelante a las necesidades del conductor, reduciendo sus tareas. Cámaras situadas en el techo del habitáculo pueden reconocer lo deseos de los ocupantes de manera que, por ejemplo, pueden activar una u otra función con sólo reconocer hacia donde está mirando el conductor: bajar la cortinilla trasera si el conductor mira hacia atrás por encima de su hombro es una de ellas, aunque también si buscas algo sobre el asiento del pasajero, se encenderá una luz o si miras a un retrovisor puede seleccionarlo para hacer sus regulaciones. También asisten en seguridad en tanto que si la cámara reconoce un asiento infantil y el cinturón no ha sido abrochado, recuerda tener que hacerlo. La función Smart Home del MBUX permite conectar desde el interior del coche con el domicilio a través de la red Wi-Fi para supervisar temperatura, iluminación, persianas o manejar algunos electrodomésticos. También recibir información sobre la alarma durante la conducción. Confort al máximo nivel Los asientos del Clase S también son muy especiales en tanto que pueden incorporar en cada uno de los delanteros hasta 19 motores . Además, todos cuentan con el sello AGR de la asociación alemana de ergonomía. Pueden disponer de diez programas de masaje diferentes, incluso con aplicación de calor, para lo que se utiliza la calefacción del asiento con cámaras inflables de aire. Para las plazas traseras, que pueden ser dos o tres, hay cinco configuraciones distintas de asientos , acentuando más su carácter de entorno de trabajo o reposo. Hay dos tipos de tiradores para la apertura de las puertas: unos convencionales, estáticos; y otros que surgen el momento del acceso y se integran en la puerta durante la marcha. Hay dos tipos de tiradores para la apertura de las puertas: unos convencionales, estáticos; y otros que surgen el momento del acceso y se integran en la puerta durante la marcha. El Energizing Confort forma parte del equipamiento del Mercedes Clase S para crear un ambiente adecuado en el interior , ya sea vitalizando los recorridos monótonos o relajando si reconoce un alto nivel de estrés en el conductor. Para decidir que ambiente proponer evalúa los datos que aporta el vehículo o de la ruta, pero también puede tener en cuenta los que proceden de una pulsera de actividad, por ejemplo. Además de los elementos de masaje puede utilizar el equipo de sonido Burmester 4D, con el que se puede ajustar la intensidad para cada asiento. Otro de los saltos en innovación del buque insignia de Mercedes es el que da hacia la conducción autónoma . Desde el verano del año que viene, y en países como Alemania donde la legislación lo permite, el Drive Pilot se podrá hacer cargo de la conducción en condiciones de tráfico denso o retenciones de autopista, de manera que el conductor pueda dedicarse a otras actividades como navegar por Internet. El Mercedes Clase S, con su Drive Pilot, tiene los recursos para ofrecer un nivel 3 de conducción autónoma. En éste el conductor debe estar listo para tomar el control del coche si éste se lo solicita. El Mercedes Clase S, con su Drive Pilot, tiene los recursos para ofrecer un nivel 3 de conducción autónoma. En éste el conductor debe estar listo para tomar el control del coche si éste se lo solicita. También el conductor puede estar relevado de algunas funciones gracias a los numerosos sistemas de ayuda a la conducción, de modo que los desplazamientos sean más seguros y cómodos, pues los sistemas reaccionan por si mismo frente a un riesgo de colisión, por ejemplo. Así, es posible que los sistemas de aparcamiento ofrezcan más ayuda al conductor. En estos se integran la dirección en el eje trasero . También el teléfono que puede servir como herramienta para aparcar o desaparcar a distancia, sin estar físicamente en el interior del coche. Esa dirección trasera es opcional y permite una agilidad de maniobra de coches muchísimo más pequeños dado que las ruedas pueden girar 10º. De hecho, disminuye el diámetro de giro, cuando se incorpora, en dos metros. Seguridad inteligente Además, el Clase S cuenta con el E-Active Body Control que también se beneficia de la red eléctrica de 48 voltios . La suspensión neumática es de serie y tiene una amortiguación regulable, pero incluso interacciona con otros sistemas en caso de que vaya a producirse un accidente, preparando el coche para él. Así, si se va a producir un golpe lateral inminente, para lo que se emplea la detección por radar, la carrocería puede elevarse 8 cm mediante el E-Active Body Control de manera que disminuya la fuerza del choque sobre las puertas y lo absorban los umbrales, de modo que las cargas a las que se someten los ocupantes sean menores. Está disponible un airbag tubular para las plazas traseras que se despliega frente al asiento trasero o uno central que se expande entre los dos ocupantes delanteros para reducir el riesgo de contacto entre sus cabezas. La Digital Light puede emitir, con la iluminaciones, advertencias visibles para el conductor por delante del vehículo; además de adaptar la iluminación a cada situación concreta de modo automático. La Digital Light puede emitir, con la iluminaciones, advertencias visibles para el conductor por delante del vehículo; además de adaptar la iluminación a cada situación concreta de modo automático. Por primera vez en un Mercedes de gran serie es opcional la Digital Light que permite proyectar advertencias por delante del coche , como de obras, peatones, semáforos u otras señales. En cada faro, la Digital Light tiene tres LED de ata potencia y 1,3 millones de espejos en miniatura . Esto permite una distribución muy precisa de la luz, de modo que alcanza una precisión 100 veces mayor que las versiones de 84 píxeles para enmascarar a otros vehículos que circulan en sentido contrario, de manera que el conductor del Clase S tener siempre la máxima potencia de iluminación posible , así como una adaptación a cada situación: antiniebla, ciudad o autopista. "}
{"meta": {"id": "96532948", "type": "article", "source": "http://www.huelvainformacion.es/opinion/articulos/Republica-digital_0_1405959455.html", "meta": "", "title": "República digital "}, "text": "El Gobierno ha aprobado un real decreto ley que obligará a que los servidores que utilice cualquier institución del Estado deberán estar localizados en la Unión Europea. Una nueva medida para cercar a los independentistas catalanes, que utilizan servidores de difícil control en paraísos en los que es fácil situarse al margen de las leyes que siguen los países democráticos, y que se han convertido en elementos clave para que potenciar las plataformas independentistas y promover sus iniciativas. El real decreto va acompañado de más medidas contra el independentismo, como recursos ante el Tribunal Constitucional y personación de la Abogacía del Estado en procedimientos en defensa de los Cuerpos y Fuerzas de Seguridad del Estado. Más electoralismo, imposible. Sánchez ha presentado el real decreto como una respuesta eficaz a los intentos de avance independentista, pero el hecho de que lo haya llevado al Consejo de Ministros a diez días del 10-N tiene unos tintes que no engañan a nadie. La lucha de los constitucionalistas, con el Gobierno a la cabeza, es por tierra, mar y aire. Pero Sánchez se resiste a aprobar medidas que exigen los que quieren más contundencia, como la Ley de Seguridad Nacional o el 155, porque, según el presidente, la coordinación que existe entre las fuerzas de seguridad deja sin sentido aplicar la LSN y porque desde que dejó de tener efecto el 155 las autoridades nacionalistas han tenido buen cuidado en no quebrantar la ley. No todo el mundo comparte este criterio de moderación ante una estrategia de violencia independentista desconocida hasta ahora. Pero es Pedro Sánchez quien marca el camino contra los independentistas puesto que es quien gobierna y, si se mantiene como presidente, con toda seguridad mantendrá esa misma cautela. Cautela que intenta disimular con este real decreto ley que lo presenta ante los votantes como un dirigente decidido a actuar con la máxima energía contra los grupos independentistas que, con el apoyo de Puigdemont y Torra, apuestan ahora por la violencia, la guerrilla urbana y el bloqueo de los transportes y universidades. Con una amenaza en ciernes que preocupa a Moncloa: la Generalitat pretende promover la libertad condicional para los dirigentes del procés . Será después del 10-N, para no contribuir a que esa decisión provoque una indignación contra el Gobierno socialista que repercuta en las urnas. Los independentistas siguen prefiriendo a Sánchez en Moncloa antes que cualquier otra opción. Cataluña, lo demuestra este real decreto de última hora, condiciona el resultado de unas elecciones clave para el futuro de España. "}
{"meta": {"id": "12946657", "type": "article", "source": "http://www.huelvainformacion.es/huelva/Fortificaciones-frontera-fomento-cultural-transfronterizo_0_1491151120.html", "meta": "14 Agosto, 2020 - 02:00h ", "title": "Diputación fomenta el turismo cultural transfronterizo de la mano de Fortours "}, "text": "Entre los principales objetivos del proyecto figuran cuestiones como la creación de un itinerario cultural transfronterizo conformado por el conjunto de fortificaciones bajomedievales y estructurado concretamente en dos rutas : la geolocalización e implementación de nuevas tecnologías de la comunicación e información (TIC) en los recursos culturales transfronterizos, y la restauración, conservación y puesta en valor del patrimonio histórico-defensivo para su adecuación para la visita pública. También se recoge la realización de una señalización direccional y específica del itinerario cultural y la puesta en valor del mismo a través de contenidos de difusión turístico-cultural ligados a códigos QR , la organización de visitas guiadas y el diseño de material de difusión de la arquitectura defensiva transfronteriza; mención especial merece, además, el equipamiento de centros de recepción de visitantes para atraer flujos turísticos , la organización de eventos culturales e implementación de una agenda cultural conjunta y la definición de un plan integral de comunicación para acercar el proyecto y los recursos ligados a él a la ciudadanía. Así, las dos rutas en las que se ha centrado este proyecto son la Norte , llamada Fortificaciones Bajomedievales de la Banda Gallega -conformada por 16 castillos de la provincia de Huelva y la zona del Algarve-, y la Sur , con el nombre de Fortificaciones Señoriales de la Tierra Llana, integrada también por otros 16 castillos ubicados en estas dos mismas zonas fronterizas y también en el Bajo Alentejo portugués . Ruta Norte: Fortificaciones Bajomediavales de la Banda Gallega Las fortificaciones que integran la conocida historiográficamente como Banda Gallega se disponían en el límite noroccidental del Alfoz de Sevilla en la Baja Edad Media , procurando la defensa de esta demarcación del consejo hispalense frente a las incursiones procedentes del vecino reino de Portugal , así como, más al norte, de las encomiendas templarias y santiaguistas, que amenazaban la integridad territorial de ese límite septentrional del Concejo de Sevilla , al que pertenecían estos castillos. Estas fortalezas, que antaño simbolizaron la conflictividad bélica entre las coronas de Portugal y Castilla , constituyen actualmente un patrimonio cultural común, un legado que es necesario preservar por su contribución a la forja de una identidad común en las tierras de frontera. A continuación, los 16 castillos : Castillo de Cumbres de San Bartolomé Se localiza en el casco urbano y, aunque no en posición dominante, visualmente controlaba la vertiente sur de la cuenca del río Sillo y al río Múrtiga y se conectaba con el Castillo de Torres , protegiendo así la frontera del Reino de Sevilla. Su construcción es de mediados del siglo XIV. Castillo de Santa Olalla del Cala Esta fortaleza se eleva sobre un cerro que domina el paso de la vía de la Plata, óptimo para la guarda y defensa de un territorio de frontera desde la época andalusí hasta nuestros días. El castillo fue restaurado por la Consejería de Cultura en 2006 . Castillo de Santo IV de Cumbres Mayores La construcción del castillo de las Cumbres, así como el de Santa Olalla, promovida por el Consejo de Sevilla, fue autorizada en virtud del Privilegio de Santo IV de Castilla en 1293. El castillo se erigió en posición dominante sobre la Ribera del Sillo , para controlar la frontera entre el Reino de Sevilla y las encomiendas de las órdenes militares del Temple y de Santiago. Castillo de Aracena La villa fortificada de Aracena se ubica en altura, con un amplio control del territorio y por donde discurría la vía romana que comunicaba la zona de Riotinto con Emerita . La edificación conserva dos aljibes, uno en la zona del alcázar y otro en el patio de armas. Castillo de Cala El castillo se construyó en un cerro que domina la Ribera del Cala, frontera entre el Reino de Sevilla y la encomienda de la Orden de Santiago . Desde su posición son visibles los castillos de Real de la Jara (Sevilla) y de Santa Olalla del Cala (Huelva), todos ellos controlando el paso de la vía de la Plata . Torre de las Harinas de Zufre Zufre se asienta sobre una meseta de travertinos, en posición elevada, y cuenta con un amplio control visual de la Ribera de Huelva, en el área oriental de la comarca serrana. Los restos de lienzo de muralla que llegan a la torre son de mampostería, erigiéndose la torre en fábrica de tapia de cal y arena . Villa encastillada de Almonaster La Real La villa encastillada de Almonaster se asienta sobre un altozano, disponiendo de un amplio control visual del entorno , acogiendo en su interior una mezquita, transformada tras su conquista cristiana en ermita bajo la advocación inicial de Santa María. Castillo de Aroche La fortificación de Aroche responde a un primitivo hisn andalusí construido en época almohade , para la defensa del avance portugués hacia el Algarve y el Valle del Guadalquivir, como sucedió en Moura y Serpa. Castillo de Torres El castillo se localiza en el término municipal de Cumbres de San Bartolomé y se ubica en un cerro, en una posición dominante sobre la Ribera del Múrtiga, un enclave estratégico de paso entre Portugal y el valle del Guadalquivir. Castillo de Encinasola El castillo se halla en posición que permite el control visual del valle del Múrtiga , vía de penetración de los ataques portugueses. Castillo de Cortegana Se localiza en la cumbre del cerro en cuyas laderas se asienta el pueblo de Cortegana. En posición dominante sobre el mismo, lo protegía con una cerca hasta época medieval, cuando su crecimiento obligó a expandirse extramuros. El castillo fue restaurado durante la década de los 70 del siglo XX. Castillo de Beja (Portugal) Castillo medieval erigido sobre la cimentación del castrum romano de Pax Julia. Situada en un estratégico cruce de caminos, la ciudad adquirió el nombre de Beja durante la época musulmana. El acceso a la torre del homenaje se practica a nivel del camino de ronda, al que se sube por una escalera exterior defendida con un muro y puerta. Consta de tres pisos y alcanza una altura de aproximadamente 40 metros . Castillo de Moura (Portugal) Se halla en el núcleo urbano, en la cumbre de un cabezo que domina la confluencia de los ríos Breñas y Lavandeira. De origen árabe, es un sistema fortificado constituido por un castillo medieval y muralla , posteriormente transformado en una fortificación moderna abaluartada. El conjunto ocupa por entero el cabezo. Castillo de Noudar (Portugal) La fortaleza de Noudar se sitúa entre la ribera del Múrtiga y el río Ardila , muy cerca de la frontera y a unos 14 kilómetros de Barrancos, en una posición estratégica en la cumbre de un cabezo. Castillo de Serpa (Portugal) Se encuentra inserto en la población con el mismo nombre, en una zona poblada desde tiempos prehistóricos. Se han hecho diversas intervenciones de reconstrucción y consolidación a partir de 1958 . Castillo de Mourao (Portugal) El castillo de Mourao domina el que es ahora el embalse de Alqueva. Al igual que en Nougar, Sancho II (1038-1072) otorga fuero al poblado para atraer población. El castillo es original del siglo XIV , mandado a construir por Alfonso IV en 1343, de planta trapezoidal con adarve, cubos y torre. Ruta Sur: Fortificaciones señoriales de la Tierra Llana La conquista de Niebla por Alfonso X el Sabio en 1262 puso fin a la andadura del reino taifa iliplense, vasallo de Castilla desde la toma de la capital almohade por Fernando III, constituyéndose un vasto concejo de realengo que demarcó en origen un amplio territorio antes gestionado bajo los dominios musulmanes de al-Gharb al-Andalus. La ruta patrimonial a la que nos referimos engloba las fortificaciones señoriales que surgieron tras la referida atomización del Concejo de Niebla , fragmentándose estas tierras en origen afectas a la autoridad regia en diversos señoríos jurisdiccionales que se corresponde con un territorio dotado de gran coherencia geográfica, asentado en la Tierra Llana onubense y los dominios del Algarbe y Baixo Alentejo portugués , dotado de una unidad histórica que permite ilustrar un pasado común y que hoy conforma un acervo cultural compartido . Estos son los castillos: Torre atalaya Esta torre caminera se dispone a modo de atalaya bajomedieval -en San Bartolomé de la Torre-, sobre un promontorio que permite el control visual de la vía de comunicación que vertebra la Tierra Llana y el Andévalo. Debió de realizarse entre los siglos XIV y XV, fecha de conflictos señoriales con la corona, y de esta con el reino de Portugal. Esta construcción, de planta cuadrangular y, al menos, dos cuerpos de altura, está realizada en un tapial, con refuerzos de ladrillos tomados con morteros de cal y arena en las esquinas. Castillo de Moguer El castillo de Moguer se emplaza sobre la cota más elevada del casco antiguo integrado en el actual Conjunto Histórico de Moguer, controlando visualmente la desembocadura del río Tinto. El primitivo recinto, construido entre los años 30 y 40 del siglo XIV , era un amplio rectángulo disponiéndose cuatro torres en las esquinas, con un único acceso en el flanco noroeste. Castillo de Gibraleón Fortaleza edificada entre los siglos XIII y XIV al norte del casco urbano, sobre los cimientos de una construcción de época islámica, sobre un pequeño cabezo de tierras rojizas, controlando el paso del río Odiel. El conjunto se compone de tres partes : el sector del palacio de los duques de Béjar, situado en la zona más llana y alta; la zona oeste donde la cota desciende progresivamente; y la muralla perimetral de forma trapezoidal. Según las fuentes, originalmente contaría al menos con cuatro o incluso ocho torres. Castillo de la Nicoba. San Juan del Puerto (Huelva) El castillo fue posiblemente construido entre los siglos XIV y XV, en la margen de la ribera de la Nicoba, donde convergían los señoríos de Niebla, Gibraleón y Huelva, y sobre el camino histórico entre San Juan del Puerto y Gibraleón . Los cuatro lienzos de muralla, de 1,50 metros de anchura y hasta 7 metros de alzado al exterior, son de tierra local muy consistente y conservan los mechinales de ladrillo. Castillo de Niebla El alcázar de Niebla es una de estas fortalezas señoriales renacentistas ; un alcázar cristiano de traza rectangular erigido en el s.XV por Enrique de Guzmán, Duque de Medina Sidonia y Conde de Niebla, sobre la primitiva alcazaba islámica. Castillo de San Marcos de Sanlúcar de Guadiana La fortaleza de San Marcos se erige sobre un promontorio a orillas del Guadiana, enfrentada a la vecina fortaleza de Alcoutim. La fortificación visible hoy día es originaria de comienzos del siglo XIV .  Castillo de Palos de la Frontera Pequeña fortaleza bajo medieval que domina la ensenada de Palos de la Frontera. Datado en el siglo XV, el acceso, hoy desaparecido, debió de ubicarse en el lienzo oriental. Pudo existir una barbacana paralela a alguno de los lienzos exteriores, totalmente perdida en la actualidad por el derrumbe del cabezo. Castillo de Cartaya Fue edificado entre 1417 y 1428 por don Pedro de Zúñiga, señor de Gibraleón, por la disputa sobre la explotación de una barca de paso del río Piedras, Fue usado como residencia de los Zúñiga, defensa del paso del río Piedras y emplazamiento frente a Portugal desde 1641. A finales del siglo XVIII perdió su función militar. Desde entonces ha sido cementerio, depósito de carbón y madera , plaza de toros y almacén. La única puerta de acceso al Castillo, abierta en el muro sur, es una ampliación de la original. Cabezo de Pie Castillo. El Almendro Parece tratarse del castillo del Castro o de Castromayor, que se construyó a raíz de las pretensiones expansionistas de D. Juan Alonso de la Cerda, señor de Gibraleón, hacía 1331. Se encuentra ubicado en un cerro estratégico que controla un vasto territorio del campo del Andévalo y en especial el Camino de la Raya hacia Portugal, que suponía una importante f uente de ingresos para la villa . Castillo de Castro Marím (Portugal) El castillo tardomedíeval de Castro Marín corresponde a las estructuras del Castillo Viejo , o Castillejo, y de la cerca medieval. En el año 1274, D, Alfonso III (1248-1279) ordenó construir el Castillejo y, para atraer a pobladores, otorgó fuero a la comunidad en 1277. Dionisio I de Portugal (1279-1325) mandó edificar la cerca muraría en 1279, para la defensa de la población. Castillo de Alcoutim (Portugal) La integración de Alcoutim en el reino de Portugal ocurrió contemporáneamente a las conquistas de Mértola y Ayamonte (años 1238/1239) por la Orden de Santiago. El castillo y la población de Alcoutim fueron fundados por Dionisio I de Portugal (1279-1325) con el objetivo de defender la línea de frontera establecida por el Tratado de Alcañices en 1297. Castillo de Silves (Portugal) El imponente Castillo de SiIves, inserto en la moderna trama urbana, corresponde a uno de los dos polos vertebradores de las ciudades de al-Andalus: la alcazaba y la medina. La construcción de la alcazaba, tal y como atestiguan los restos arqueológicos , se inició en los siglos Vlll-IX, en el período Omeya. Las torres albarranas son del período almohade y completaron un programa de obras defensivas para sostener los ataques portugueses. Castillo de Paderne (Portugal) El castillo es una pequeña fortificación rural almohade , erigida entre la segunda mitad del siglo XII y las primeras décadas del siglo XIII. Contemporáneamente, se construyeron ex-novo una aldea y !a respectiva cerca muraría que la protegía, en la cumbre del cerro que se niveló a tal fin. Castillo de Aljezur (Portugal) El castillo presenta planta poligonal adaptada a la elevación donde fue edificada. Tiene una única entrada, orientada a levante, defendida por una torre semicircular. En el extremo opuesto, fue edificada otra torre de planta rectangular. El espacio interior tiene la particularidad de no ser llano, estando ocupado por un afloramiento rocoso de esquistos, que se eleva a cotas superiores a las de las murallas.  A Crónica da Conquista do Algarve afirma que fue, durante el reinado de Alfonso III en 1249, fue el último castillo del Algarve en ser conquistado . Castillo de Loulé (Portugal) El castillo ocupó, con adaptaciones, el espacio de la anterior alcazaba islámica, situada en la esquina noroeste de la ciudad. Las excavaciones arqueológicas registraron, en este espacio, testimonios de dos épocas históricas; islámicos y medieval del periodo cristiano, de la edad moderna y de períodos más recientes. Actualmente es el edificio municipal (siglo XVIII) el que, adosado a las torres y al camino de ronda, da acceso a toda la estructura. El mismo edificio integra también el museo municipal. Castillo de Tavira (Portugal) El castillo corresponde a la alcazaba islámica que, localizada en la cumbre de muralla urbana, dominaba la barra y el curso del Gilao. La entrada se hacía por un arco de medio punto junto a la Iglesia de Santa María. Hay una escalera reciente desde la calle de la Libertad. Al día de hoy el castillo es un pequeño jardín público , pero continúa siendo un elemento arquitectónico que destaca en el paisaje. "}
{"meta": {"id": "12194819", "type": "article", "source": "http://www.huelvainformacion.es/luis_sanchez-molini/", "meta": "", "title": ""}, "text": ""}
{"meta": {"id": "31483679", "type": "article", "source": "http://www.huelvainformacion.es/gente/duques-sussex-fichan-netflix-productora-television_0_1497750682.html", "meta": "02 Septiembre, 2020 - 20:16h ", "title": "Los duques de Sussex fichan por Netflix "}, "text": "Los duques de Sussex , Enrique de Inglaterra y Meghan, han creado una compañía de producción y firmado un acuerdo de varios años con la plataforma Netflix para crear contenido con impacto y que desate la acción en forma de documentales, películas o series. Enrique y Meghan, durante una intervención en televisión. Enrique y Meghan, durante una intervención en televisión. / NBC El diario The New York Times, que ha publicado la noticia, cita un comunicado de la pareja, establecida con su hijo en California, según el cual pretenden poner énfasis en la creación de un contenido que informe pero también dé esperanza y señalan que como nuevos padres, hacer programación familiar inspiradora es importante para ellos. Estamos increíblemente orgullosos de que hayan elegido Netflix como casa creativa y emocionados de contar historias junto a ellos que puedan ayudar a crear resiliencia y aumentar el entendimiento de las audiencias de todo el mundo , afirma sobre el acuerdo el jefe de contenido y coejecutivo de la plataforma de streaming, Ted Sarandos. A través de su productora, que todavía no tiene nombre, el príncipe Enrique y su esposa realizarán documentales, docuseries, películas, series y programas para niños de manera exclusiva durante varios años para Netflix, que tiene unos 193 millones de suscriptores a nivel global. Meghan Markle, en su última entrevista en la cadena ITV durante su viaje solidario a Sudáfrica. Meghan Markle, en su última entrevista en la cadena ITV durante su viaje solidario a Sudáfrica. / ITV Estamos agradecidos de trabajar con Ted y el equipo de Netflix, cuyo alcance sin precedentes nos ayudará a compartir contenido de impacto que desate la acción , ha manifestado la pareja en su declaración. El príncipe Enrique, de 35 años, y Meghan Markle, de 39, habían estado en conversaciones en los últimos meses con otras plataformas de contenidos como Disney y Apple, o la red televisiva NBC Universal, de acuerdo a medios estadounidenses. La semana pasada, Netflix lanzó La extraordinaria historia de los Juegos Paralímpicos, un documental sobre los Juegos Paralímpicos en el que aparece el príncipe Enrique, que ha fundado los Juegos Invictus para veteranos militares con discapacidades o lesiones. Por su parte, Markle, que fue actriz en la serie Suits y ha descartado volver a la actuación, fue recientemente narradora del documental con fines benéficos Elephant ( Elefante ), de Disney+. Enrique y Meghan, en Botswana, trabajando con una ONG que cuida de los elefantes. Enrique y Meghan, en Botswana, trabajando con una ONG que cuida de los elefantes. / Getty La pareja, desvinculada de la vida monárquica , vive en California desde la primavera tras haber residido brevemente en Canadá, y el pasado mes compró una mansión en el exclusivo barrio de Montecito, en Santa Bárbara, una ciudad costera situada a unos 150 kilómetros al noroeste de Los Ángeles. "}
{"meta": {"id": "29923304", "type": "article", "source": "http://www.huelvainformacion.es/sociedad/mascarilla-cambia-color-sube-fiebre_0_1499850277.html", "meta": "09 Septiembre, 2020 - 16:27h ", "title": "Esta mascarilla cambia de color si te sube la fiebre "}, "text": "La irrupción del coronavirus ha traído muchos cambios para todos, desde la práctica desaparición de las muestras de afecto tan españolas como el abrazo, el beso o el apretón de manos hasta los más arraigados hábitos de trabajo o de consumo. La covid-19 lo ha transformado todo, no se sabe por cuánto tiempo, y quizás las mascarillas sean la metáfora más clara de todo este mal sueño que vive España desde marzo. Indiscutiblemente forman ya parte de la vida de los españoles (y de prácticamente el mundo entero), convirtiéndose en una prenda más de nuestro atuendo diario hasta el punto de que son decenas las marcas de moda que las han incluido en sus catálogos de temporada. Mascarilla que cambia de color si tienes fiebre Mascarillas EPI, quirúrgicas e higiénicas, desechables o reutilizables, deportivas, homologadas… El mundo de la mascarilla va ensanchándose a medida que se va convirtiendo en un producto de consumo diario. Ahora le ha llegado el turno a la tecnología. La empresa alicantina de estampación textil Colorprint Fashion, con sede en la localidad de Muro de Alcoy, ha desarrollado y patentado  un tejido que es capaz de activarse con el aumento de la temperatura corporal , de tal forma que cambia de color cuando supera los 37.5 grados. El innovador tejido ha sido homologado para su uso en mascarillas higiénicas por el Instituto Tecnológico del Textil (AITEX), que ha certificado su durabilidad y su efectividad frente a la prevención de la Covid-19 . El tejido, normalmente de color verde, cambia a color blanco aproximadamente a una temperatura de 37,5º y tiene una filtración bacteriana del 98%. Con él se han fabricado mascarillas térmicas reutilizables , que permiten su lavado y desinfección sin perder ni afectar a las propiedades del textil. Además de la protección de las mascarillas higiénicas frente al virus, cuenta con la ventaja de advertir frente a ante una subida de temperatura corporal con el simple cambio de color, lo puede resultar muy útil en ambientes de trabajo como oficinas y en medios de transporte para controlar la expansión de la enfermedad. La empresa alicantina está utilizando el nuevo tejido, además, en otros productos. Así, ha diseñado una pulsera , un cómodo sistema para la monitorización en tiempo real de la temperatura y que puede ser de uso muy práctico, por ejemplo, para los más pequeños, en plena vuelta a las aulas , han destacado. Entre otros formatos, s e han diseñado también pegatinas  que, al estar en contacto directo con la piel, permiten la detección del aumento de temperatura en lugares públicos o de afluencia de gente a simple golpe de vista. "}
{"meta": {"id": "29923304", "type": "comment", "source": "http://www.huelvainformacion.es/sociedad/mascarilla-cambia-color-sube-fiebre_0_1499850277.html"}, "text": "Que idea más inteligente , cuanto baldra"}
