﻿{"meta": {"id": "84930041", "type": "article", "source": "http://www.tradicionviva.es/2020/09/03/mujer-condenada-a-10-anos-por-denuncia-falsa/", "meta": "Por Redaccion Publicado hace 6 días .", "title": "Mujer condenada a 10 años por denuncia falsa", "lang": "es", "date": "2020-09-06 00:00:00", "hate": "(es chinos | fuera chino), (ilegales chinos | ilegal chino), (violento chinos | violento chino)", "terms": "denunciar, falso, condenar", "loc": "Spain"}, "text": "Una vez mas un Tribunal (en este ocasión la Audiencia Provincial de León), condena a una mujer por denuncia falsa, y los grandes medios de comunicación ocultan la noticia, pues desestabiliza la verdad oficial, a saber: que todo hombre es violento, que todas las mujeres son inocentes, y que en materia de violencia de género no existen las denuncias falsas. Curiosamente el portal del Consejo General del Poder Judicial que se encarga siempre de destacar todas las sentencias en las que se condena a un varón, no ha reseñado esta sentencia de la Audiencia Provincial de León. La Audiencia ha sido clara: la mujer, conocida como la víctima del pegamento en la vagina,es culpable de una denuncia falsa, es decir de simulación de delito y además también se la condena por otros dos delitos de detenciones ilegales , por lo que se le impone una condena de diez años de prisión (además de la obligación de indemnizar a su expareja con la irrosoria cantidad de 25.000 euros).  Publicidad. No sabemos si las feministas se manifestarán bajo el lema “nosotras si te creemos” , pero la realidad es que todos los juristas comentan el número cada vez mayor de denuncias falsas, quizá motivadas por la sensación de impunidad en la que vive instalado el feminismo radical. El fallo indica que queda claro que la escenificación y actos preparatorios fueron concebidos por la propia mujer para  “asegurarse la detención e ingreso en prisión con carácter indefinido de su expareja” , que había quedado libre días antes de la denuncia tramitada entre agosto y octubre de 2016. Una cuenta falsa de correo electrónico y los materiales adquiridos por ella misma en un establecimiento regentado por chinos en Fabero dejaron al descubierto una historia truculenta que dejó perpleja a toda la sociedad que la había identificado como una víctima y que había asumido el rol de defensa de un caso que sin embargo, y según las pruebas, no se creyó su propio siquiatra, al que no le cuadró la victimización y dramatización de su situación. Esperemos que las estadísticas oficiales, y los medios de comunicación corrijan los datos de violencia de género, y borren a la culpable de dicho registro, y den de alta al varón, como nueva víctima de la violencia feminista seguida a pie juntillas por todos los medios de comunicación, y por todos nuestros políticos. Publicidad. COMPARTE EMBÁRCATE EN LA LUCHA CONTRARREVOLUCIONARIA: Si quieres defender la cristiandad y la hispanidad , envíanos tus artículos comentando la actualidad de tu país hispano desde una perspectiva tradicionalista, y nosotros los publicaremos . También puedes enviarnos artículos sobre la fe católica y la cultura , entendiendo cultura como amor a la verdad y la belleza, reseñas de libros, artículos de opinión … Ya somos más de 9.000.000 de lectores en todo el mundo , únete a nuestro equipo de voluntarios y difunde la verdad compartiendo en redes sociales , o remitiendo tus colaboraciones a redaccion@tradicionviva.es SÍGUENOS EN REDES SOCIALES: Telegram: t.me/tradicionviva Facebook: @editorial.tradicionalista Twitter: @Tradicion_Viva Gab: @TradicionViva Suscríbete al canal youtube y activa la campana: youtube.com/c/tradicionvivaTv Suscríbete a nuestro boletín digital gratuito, pulsa aquí whatsapp: próximamente Te necesitamos Somos un espacio de análisis lejos de los dogmas de la corrección política; puedes colaborar haciendo una DONACIÓN .   Publicidad. Te puede interesar:"}
{"meta": {"id": "59214468", "type": "article", "source": "http://www.tradicionviva.es/2020/09/01/montejurra-el-monte-sagrado-de-la-tradicion-profanado/", "meta": "Por Valentina Orte Publicado 01/09/2020", "title": "Montejurra: el monte sagrado de la tradición profanado", "lang": "es", "date": "2020-01-09 00:00:00", "hate": "(cargas Negro | carga negro), (cargas terrorismo | carga islamista), (es Negro | fuera negro), (es terrorismo | fuera islamista), (basura Negro | basura negro), (basura terrorismo | basura islamista), (terrorismo Negro | terror negro), (terrorismo Negro | terrorista negro), (violencia Negro | violento negro), (violencia terrorismo | violento islamista), (ayuda Negro | ayuda negro), (ayuda terrorismo | ayuda islamista), (destructor Negro | destrozar negro), (destructor terrorismo | destrozar islamista)", "terms": "carlista, carlos", "loc": "Spain, Mexico, United Kingdom"}, "text": "“ En los malos tiempos vivan pobres el rey y sus ministros » Carlos VII En las estribaciones del prepirineo navarro, en España, se yerguen los 1048 m. del  Monte Xurra, o Monte Surra, como en la antigüedad se llamó lo que hoy se conoce como Montejurra , montaña considerada por diversas civilizaciones y culturas como espacio sagrado. Fueron los carlistas, quienes supieron establecer una estrecha relación con ese mundo montañoso hasta llegar a percibir a Montejurra como la montaña sagrada del carlismo , en recuerdo y honor a tantos de sus miembros que, desde la primera mitad del siglo XIX, dieron su vida por defender sus ideales de regeneración de España. Situado a unos 9 km. de Estella , capital y corte del Estado carlista en las tres guerras civiles, allí tuvieron lugar las batallas decisivas de ambas. Su presencia es mítica en toda la historia, pasada y reciente, del carlismo. Cronológicamente, el primer hecho ocurrido en tal lugar fue el combate mantenido en 1835 por la liberación de Estella ocupada por el Ejército del Norte del bando isabelino al mando de Luis Fernández de Córdova o Córdoba, y Rodríguez de Valcárcel. Nazario de Eguía y Sáenz de Buruaga  general en jefe del Ejército Vasconavarro carlista se dispuso a atacar a Córdova tanto en Estella como si ése salía de la ciudad. Ocurrido esto último, los carlistas se desplazaron hacia Irache para coronar Montejurra, mientras que también los liberales lo hacía en Muniáin. Generalizada la batalla que produjo gran cantidad de víctimas, la victoria de los carlistas dio como fruto la recuperación de Estella , Carlos María Isidro (Carlos V), el pretendiente al trono, entrará triunfante en la ciudad el 31 de julio de  1835 , y por este motivo la ciudad será llamada «Cuna de la Restauración», se entiende que por la restauración del absolutismo. Publicidad. El gobierno revolucionario que se instauró en España en 1868 a la caída de Isabel II dio paso a un régimen democrático que eligió como rey al liberal Amadeo de Saboya , masón protegido por la masonería tanto italiana como española , partidario, por tanto, de la separación Iglesia/Estado, la libertad de culto y la educación laica y racionalista, principios que tanto preocupaban a los católicos.  Muchos moderados contrarios a este gobierno, creyeron en Don Carlos VII como una alternativa y se pasaron al bando carlista que se convirtió  en 1871  en la tercera fuerza más votada en el parlamento. Sin embargo, en las elecciones de 1872, a pesar del aumento de simpatizantes, el partido de don Carlos perdió trece escaños en medio de acusaciones de fraude. La indignación de los tradicionalistas fue máxima. El triunfo liberal demostró que la vía democrática no era suficiente, y solo un nuevo alzamiento armado haría recalar a Don Carlos en el trono con un régimen tradicionalista, católico y antiliberal. El carlismo se rebela y surge la Tercera guerra que se prolonga de 1872 a 1876. Carlos VII (retrato de Carlos Vázquez) En esa tercera guerra, Montejurra vuelve a ser escenario de la batalla quizá más famosa de aquella contienda : la desarrollada durante los días 7, 8 Y 9 de noviembre de 1873 entre los carlistas, mandados por el propio Carlos VIl, y los gubernamentales, dirigidos por Primo de Rivera y por Domingo Moriones y Murillo. Fue uno de los grandes choques de la Tercera guerra carlista; se alinearon 17.000 hombres con más de 1.000 caballos y 28 cañones del lado republicano, y unos 8.000 ó 9.000 del carlista. Los confidentes del pretendiente habían avisado que el general Moriones concentraba sus fuerzas en Tafalla y Puente la Reina y venía de Logroño con la idea de entrar en Estella. El día 7 flanqueó las gargantas de la sierra de Cogollo, llevando como auxiliares a los generales Primo de Rivera, Ruiz Tello y otros. Por su parte el general carlista Ollo tomó inmediatamente sus disposiciones y colocó en línea los batallones 1° de Castilla, 1° de Arratia, de Durango, de Guernica y de la Rioja, más cuatro batallones de Álava, cinco navarros y unos 200 caballos mandados por el coronel Pérula y cuatro cañones de montaña. Perseguido por el general Elío, Moriones tuvo que retirarse la noche del 8 después de haber sufrido grandes pérdidas. La resonante victoria carlista tiene doble trascendencia por ser la primera importante de la guerra y por haber logrado asentar el dominio de los partidarios de Don Carlos (Carlos VII). Hubo Te Deum en Estella, las tropas fueron revistadas por don Carlos, quien premió a los intervinientes con una medalla conmemorativa que mandó crear para tal fin; estableció en la ciudad su corte y, a partir de entonces, Estella fue considerada como la «Ciudad Santa del Carlismo». También es en Montejurra donde se desarrolla el último combate importante de esta tercera guerra. El 18 de febrero de 1876 el brigadier carlista Carlos Calderón y Vasco defiende esta posición clave contra las fuerzas, muy superiores, del alfonsino, también brigadier, Cortijo auxiliado por las divisiones de los generales Primo de Rivera y Martínez Campos. Calderón se vio atacado por dos divisiones en la parte de la Solana y una brigada en la de Esquinza cuando sólo contaba para hacerles frente con los batallones 1.º y 12.º de Navarra y algunas compañías alavesas; no obstante, sostuvo todo el día un rudo combate en el que hizo 400 bajas al enemigo. Volvió a atacarles de nuevo aquella misma noche y a la cabeza de dos compañías, les desalojó de Arellano no sin hacerles nueve prisioneros. Publicidad. Reanudada la acción al día siguiente, se vio atacado por tres puntos a la vez; aún así hizo retroceder al enemigo cinco veces con otras tantas cargas a la bayoneta, hasta que al verse completamente rodeados,  abrumados por tantas fuerzas y fatigada ya la gente de Calderón que se veía sin recibir ayuda mientras que el enemigo era reforzado con ocho batallones al mando de Carlos García Tássara, los carlistas huyeron hacia Estella dejando sólo con su ayudante, Francisco Javier Fernández de Henestrosa y Santisteban, al brigadier Calderón, quien, aunque ya había sido herido, no quiso abandonar el fuerte que cayó en poder de las tropas liberales. El comportamiento de los mandos carlistas fue tan heroico que los generales enemigos, Fernando Primo de Rivera y Sobremonte y el brigadier Cortijo, felicitaron al brigadier Calderón devolviéndole la espada tanto a él como a su ayudante, dejándoles prisioneros solo bajo palabra de honor. Esta pérdida de la comarca de Tierra Estella resultó muy dolorosa para el carlismo, porque además de lo que significó política y militarmente, fue un gran puyazo el hecho de que Alfonso XII concediera al vencedor, Primo de Rivera, el título de marqués de la ciudad santa para el carlismo. La llegada de la Segunda República y el Frente Popular, demostraron tener unos objetivos claramente antidemocráticos. Largo Caballero el 20 de enero decía en un mitin celebrado en Linares: “… la clase obrera debe adueñarse del poder político, convencida de que la democracia es incompatible con el socialismo, y como el que tiene el poder no ha de entregarlo voluntariamente, por eso hay que ir a la Revolución”. Y en una nueva vuelta de tuerca, días más tarde, (febrero de 1936) José Díaz, dejó inequívocamente de manifiesto que “la meta del PCE era la dictadura del proletariado, los soviets y sus miembros no iban a renunciar a ella”. Publicidad. Ante la escalada de violencia, Don Jaime que sabía que el comunismo era gran enemigo del bien, y por ello, lo definía como  «destructor de la Religión, de la Patria, de la familia y de la propiedad»,  publicó un  manifiesto el 23 de abril de 1931 en el que pidió el apoyo de sus bases ante el Gobierno Provisional, sobre todo para mantener la paz y evitar desórdenes,  siempre y cuando este gobierno no fuese contrario a los principios tradicionales. Finalizaba el escrito afirmando que  de producirse la implantación del marxismo , él mismo encabezaría la lucha contra tal idea, poniéndose «al frente de todos los patriotas» para oponerse a  «la implantación de una tiranía de origen extranjero». La guerra por la que tanto habían clamado las izquierdas se produjo y esto motivó una gran movilización de todas las fuerzas de derecha. En Navarra empuñaron las armas más de 16.000 requetés a los que se sumaron otros 18.000 soldados navarros también, que fueron llamados a filas con sus respectivas quintas. El 25 de julio de 1936, se constituyó el tercio de Montejurra, la tercera unidad militar carlista. Se mostraba con ello la continuidad de objetivos entre 1873 (incluso 1835) y 1936 al llevar el nombre de Montejurra, imagen y símbolo de una manera de mantener “la elevación espiritual”, al menos en los primeros meses del levantamiento. Concluida la guerra, antiguos combatientes y familiares inician en 1940 unos actos conmemorativos en la cima del monte, en memoria de los carlistas muertos en todas las guerras civiles, siendo costumbre realizar un acto político, bien en la cumbre del Montejurra, bien en la plaza de los Fueros de Estella, después del religioso, acto que asumió desde sus inicios el Partido Carlista. Poco después se estimó conveniente el rezo del Vía Crucis durante el ascenso. Primero estuvo señalado con cruces de madera y, a partir de la década de 1945, la Diputación Foral de Navarra sufragó la construcción de 14 cruces de piedra que constituyen el ya famoso Vía Crucis cuyas estaciones se corresponden con los Tercios de Requetés que participaron en la guerra civil. La cima se remata en una capilla abierta en una gruta, en la que está expuesto el impresionante Cristo Negro de Montejurra. Publicidad. Por favor, deja este campo vacío Reciba gratuitamente la revista cuatrimestral “Soberanía Social”, y semanalmente la selección de artículos del editor. Revisa tu bandeja de entrada o la carpeta de spam para confirmar tu suscripción. Publicidad. En sus inicios el acto se circunscribe solamente al ámbito navarro, pero a partir de 1955 la celebración adquiere nivel general para todos los carlistas de España. En 1957 Carlos Hugo de Borbón-Parma, hijo del Pretendiente Javier I, fue presentado como “Príncipe de Asturias” ante la muchedumbre allí congregada, pero el acto que tuvo difusión internacional fue el que dio lugar a lo que se conoce como “ los sucesos de Montejurra ”, hechos que tuvieron lugar el 9 de mayo de 1976, en los inicios de la Transición española. En el transcurso de dicha romería, los hombres de la  Comunión Tradicionalista partidarios de Sixto de Borbón Parma, hermano del pretendiente carlista Carlos Hugo y enfrentado a él, por la diferente manera de concebir el futuro del carlismo, prepararon una operación violenta contra el Partido Carlista y los seguidores de Carlos Hugo que recibió el significativo nombre de ” Operación Reconquista ”. El objetivo de tales acciones era volver al tradicionalismo más puro y procurar la “entronización” de don Sixto como líder del carlismo. En la refriega que se formó tomaron parte también italianos y argentinos, mercenarios neofascistas. Algunos abrieron fuego contra los participantes en la romería. Resultaron muertos Ricardo García Pellejero y Aniano Jiménez Santos , y hubo varios heridos. Los responsables de las muertes fueron identificados y apresados por poco tiempo, pues gracias a la Ley de Amnistía de 1977, quedaron en libertad ese mismo año. En 2003 la justicia española reconoció a los dos asesinados la condición de “víctimas del terrorismo”. Publicidad. Estella y Montejurra se convirtieron en lugares míticos para el carlismo. Así como las rocas que conforman el monte sagrado y le dan su solidez, así el tradicionalismo es la roca firme de unos ideales y valores. En palabras de algunos periodistas “el monte austero” es tan duro y tan firme como los ideales carlistas por cuanto les recuerda el “mensaje de la Tradición”: su solidez y dimensión enorme pueden revitalizar y renovar la fe. No es extraño, por ello, que Montejurra haya adquirido una gran significación para el colectivo carlista. Últimamente se intenta por diversos medios degradar la imagen del monte debido, quizá, a la misma degradación que sufre la sociedad española. Uno de ellos, la planta de lodos que se plantea construir en el término municipal de Igúzquiza (Ázqueta), tendría graves afecciones para la salud, el medio ambiente y la economía de Tierra Estella, según denuncia la plataforma ‘Salvemos Montejurra-Jurramendi Salba Dezagun’. La planta afectaría también a fuentes, acuíferos, bosques e incluso al aire que respiramos, sin ningún respeto al medio ambiente ni a las personas de la comarca, e impactaría en el sector turístico de la zona, uno de los principales motores económicos del territorio. El otro caso que busca la postergación del monte lo hace mediante la burla. Utiliza como medio para ello un cocodrilo de casi   un metro de longitud, unos cincuenta y cinco centímetros de anchura y quizá treinta kilos de peso, confeccionado con   resina de poliéster y fibra de vidrio reforzado .  Vestido como un explorador, con camisa y gorro marrón a juego, el animal ha sido situado por desconocidos junto a la ermita de San Cipriano . Publicidad. Dos días ha durado la broma. Alguien subió los  1.048 metros   que hay hasta la cima de la montaña para romper el cocodrilo y partirle por la parte de delante, dejando visible la sujeción cilíndrica de su interior. Fue precintado con cinta americana y se le colocó un cartel con un mensaje dirigido a la persona que subió la figura hasta la explanada que hay sobre la ermita de  San Cipriano . En el texto se le criticaba por llevar “basura” al monte y se le instaba a retirarlo, reforzando, subliminalmente, este mensaje al   pintar de rojo el gorro y la camisa de la estatua que hace unos días era de color marrón. Cuestión importante es ver cómo este hecho ha dividido a los habitantes de la zona: lo que  unos consideran indignante y basura instalar esa figura en el monte, otros dicen que es vandálica la protesta; otros más, afirman que se trataba de un acto simpático que los intransigentes no entienden y los tradicionalistas afirman que tanto la balsa de los lodos como el cocodrilo invitando a la bebida, es una profanación porque intenta mancillar el símbolo que recuerda y rinde tributo a la sangre derramada por tantos héroes carlistas. COMPARTE Publicidad. EMBÁRCATE EN LA LUCHA CONTRARREVOLUCIONARIA: Si quieres defender la cristiandad y la hispanidad , envíanos tus artículos comentando la actualidad de tu país hispano desde una perspectiva tradicionalista, y nosotros los publicaremos . También puedes enviarnos artículos sobre la fe católica y la cultura , entendiendo cultura como amor a la verdad y la belleza, reseñas de libros, artículos de opinión … Ya somos más de 9.000.000 de lectores en todo el mundo , únete a nuestro equipo de voluntarios y difunde la verdad compartiendo en redes sociales , o remitiendo tus colaboraciones a redaccion@tradicionviva.es SÍGUENOS EN REDES SOCIALES: Telegram: t.me/tradicionviva Facebook: @editorial.tradicionalista Twitter: @Tradicion_Viva Gab: @TradicionViva Suscríbete al canal youtube y activa la campana: youtube.com/c/tradicionvivaTv Suscríbete a nuestro boletín digital gratuito, pulsa aquí whatsapp: próximamente Te necesitamos Somos un espacio de análisis lejos de los dogmas de la corrección política; puedes colaborar haciendo una DONACIÓN .   Te puede interesar: Publicidad."}
{"meta": {"id": "59214468", "type": "comment", "source": "http://www.tradicionviva.es/2020/09/01/montejurra-el-monte-sagrado-de-la-tradicion-profanado/", "lang": "es", "date": "", "hate": "", "terms": "", "loc": ""}, "text": "además de notables imprecisiones, el artículo parece escrito en el s XIX. Salud"}
{"meta": {"id": "73338039", "type": "article", "source": "http://www.tradicionviva.es/2020/09/08/la-rosa-blanca-contra-hitler/", "meta": "Por Guadalupe Belmonte Publicado hace 1 día .", "title": "La Rosa Blanca contra Hitler", "lang": "es", "date": "2020-09-01 00:00:00", "hate": "", "terms": "rosa, blanca, publicidad", "loc": "Germany, Spain, Sweden"}, "text": "En 1942 se creó en Munich un grupo universitario como resistencia ante el nacionalsocialismo llamado La Rosa Blanca . Los jóvenes que lo formaban no se dejaron llevar por el auge del nacionalsocialismo y decidieron empezar una resistencia con los medios de los que disponían. Ellos demostraron una gran valentía, deben ser considerados como un ejemplo a seguir , sobre todo para los jóvenes católicos de hoy en día. Su carácter revolucionario fue posible gracias a la búsqueda activa de la verdad y a su capacidad para ser fieles a sus ideales. Los principales componentes y creadores de la Rosa Blanca fueron seis: Hans Scholl, Alexander Schmorell, Christl Probst, Willi Graf, Sophie Scholl y Kurt Huber. Los cuatro primeros eran estudiantes de medicina en la universidad de Múnich ; Sophie era estudiante de Biología y Filosofía ; y Kurt Huber era profesor en esa misma universidad. Los primeros panfletos fueron escritos por Hans Scholl y Alexander Schmorell. La inspiración y fortaleza para redactarlos la recibieron de unos panfletos en los que aparecían las homilías de Obispo de Munster , quien denunciaba abiertamente el Nazismo y sobre todo la eutanasia de los enfermos mentales en Alemania. Publicidad. El grupo de La Rosa Blanca conoció a Theodor Haecker, filósofo y profesor, en una de las veladas a las que asistían en casa de Carl Muth. En ellas conversaban sobre filosofía y otros temas y así se fue consolidando su pensamiento anti-nacionalsocialista y su fe. Haecker se había convertido al catolicismo tras traducir las obras de Kierkegaard y de John Henry Newman, fue el editor de la revista Hochland (Tierras altas), que estuvo prohibida durante el nazismo. Sophie Scholl habló de Haecker en una carta a su novio: El día de tu cumpleaños estuvo Haecker con nosotros. Fueron unas horas impresionantes. Sus palabras caen despacio cómo gotas que se ven acumular antes y caen con especial peso en esa expectativa. Tiene un rostro sereno, la mirada parece como si se dirigiera hacia el interior. Nadie antes me ha convencido con su rostro como él. J.M. García Pelegrín, La Rosa Blanca, Los estudiantes que se alzaron contra Hitler. 2a ed. Madrid: Libros libres, 2006, pág. 43-46 Publicidad. Alex les presentó a los Scholl un amigo suyo llamado Christoph, que ya estaba casado y era padre de tres hijos pequeños. Compartían la misma visión del mundo, la pasión por la naturaleza, la creación y la búsqueda de la verdad sobre el hombre ; una fuerte amistad surgió entre ellos de forma natural. Con el tiempo se añadió al grupo Willi Graf, que al igual que los demás estaba interesado en la teología, la filosofía y era estudiante de medicina con ellos. Solían juntarse en casa de Hans o de Alexander para leer en voz alta, recomendarse libros , etc. Sophie los conoció la noche que llegó a Múnich para estudiar Biología y Filosofía. Hans leyó un poema que todos identificaron como metáfora de Alemania y al Führer. De esta forma fue creando una complicidad sobre estos temas y una confianza y amistad mayor entre ellos. En la universidad descubrieron a un profesor, Kurt Huber, que se unió también a la Rosa Blanca fue un gran pilar para ellos. Y fue a partir de junio de 1942 cuando aparecieron los primeros panfletos. En junio, Sophie Scholl encuentra una Hoja de la Rosa Blanca bajo el pupitre en un aula de la Universidad, y la guarda entre sus apuntes; al llegar a casa, va en busca de su hermano para enseñársela. Sin embargo, Hans no está en casa. Entre los libros ve una edición de Schiller llena de anotaciones a lápiz; allí descubre citas textuales de la Hoja que ha encontrado en la Universidad. Interpelado por su hermana, Hans niega en un primer momento que él sea el autor de la Hoja; sin embargo, poco después llegan también Alex y Christl Probst, «y ese momento se convirtió en la hora de la verdad para Sophie Scholl». Publicidad. J.M. García Pelegrín, La Rosa Blanca, Los estudiantes que se alzaron contra Hitler. 2a ed. Madrid: Libros libres, 2006, pág. 60 Poco después fueron enviados al frente ruso Hans y sus amigos y se suspendió la redacción de panfletos. A su vuelta la retomaran y en su trabajo se vió reflejado lo que habían vivido en Rusia y la crueldad de la guerra que habían presenciado. Emprendieron otras acciones como el hacer pintadas por las calles en las que se leía ¡Abajo Hitler! Con una cruz gamada tachada al lado, también escribieron la palabra libertad . Fue en febrero de 1943 cuando Sophie y Hans fueron delatados por un conserje que los vio repartiendo los panfletos a plena luz del día. Publicidad. Por qué Hans y Sophie Scholl, en la mañana del jueves 18 de febrero de 1943, entraron en la Universidad con una maleta llena de Hojas, que repartieron a plena luz del día, poco antes de terminar las clases de las 11 de la mañana, por pasillos, delante de las aulas, por alféizares de ventanas y descansillos de la escalera, nunca se llegará a esclareces por completo. Una extraña mezcla de sangre fría y temeridad, euforia y depresión tuvo que determinar esa acción, pues durante tres semanas, y a pesar de haber aumentado notablemente sus acciones, no habían sido descubiertos. J.M. García Pelegrín, La Rosa Blanca, Los estudiantes que se alzaron contra Hitler. 2a ed. Madrid: Libros libres, 2006, pág. 113 El 18 de febrero fueron llevados ante la Gestapo donde fueron interrogados 17 horas seguidas. La evidencia que les inculpó fue un boceto de Christoph de Hoja de la Rosa Blanca que Hans llevaba cuando fue detenido y que intentó eliminar pero no pudo. Hans confesó para proteger a su amigo y al saberlo, Sophie también lo hizo. Aún así más tarde Christoph fue detenido y condenado a muerte, como ellos. Publicidad. Robert Mohr, su interrogador, intentó que la joven declarara que solo había actuado para ayudar a su hermano para exculparla de estar involucrada ideológicamente. Sin embargo ella no quiso traicionar sus ideales perdiendo así su última posibilidad de salvar su vida. Última pregunta: durante todo el interrogatorio, que duró dos días completos, nos hemos referido- si bien solo de paso- a diversas cuestiones políticas e ideológicas. ¿No ha llegado al convencimiento, después de esas conversaciones, de que su modo de actuar y de comportarse con su hermano y con otras personas, especialmente en la fase actual de la guerra, ha de verse como un crimen frente a la sociedad y en particular frente a las tropas que están luchando tan encarnizada y duramente en el Este, que ha de ser castigado del modo más duro posible. Respuesta: Desde mi punto de vista he de responder negativamente. Sigo siendo de la opinión de que he hecho lo mejor que podía para mi pueblo. Por tanto, no me arrepiento de mi modo de actuar y estoy dispuesta a asumir las consecuencias que se deriven de mi actuación. Publicidad. Sophie Scholl, acta de interrogatorio de la Gestapo, 20 de febrero de 1943 Dos meses después también fueron acusados de alta traición y condenados a muerte Kurt Huber, Willi Graf y Alex Schmorell. El único que fue absuelto por falta de pruebas fue Falk Harnack. Podría decirse que fueron un modelo de jóvenes para nuestro tiempo, deben ser considerados héroes de la rectitud de conciencia y de la búsqueda de la verdad. Por favor, deja este campo vacío Reciba gratuitamente la revista cuatrimestral “Soberanía Social”, y semanalmente la selección de artículos del editor. Revisa tu bandeja de entrada o la carpeta de spam para confirmar tu suscripción. Publicidad. La escritura de los panfletos los jóvenes de la Rosa Blanca se apoyaron en el pensamiento político de Aristóteles, Schiller, Leibniz, Goethe, y en el campo de la filosofía y la religión secundaron el pensamiento de San Agustín, Santo Tomás de Aquino y Novalis entre otros. Es por medio de la búsqueda de la verdad, la felicidad y el bien que entienden la necesidad de actuar frente este régimen despótico. Publicidad. Gracias a las clases de Kurt Huber sobre La Teodicea de Leibniz el resto de componentes de La Rosa Blanca pudo tener también “una explicación del origen del mal y del pecado original”, como dice J.M. García Pelegrín. Este hecho de comprender el origen del mal les ayuda a entender que, a pesar de existir el mal en el mundo, el bien es posible. Entienden que el mal existe pero puede ser combatido y que ellos deben oponerse al mal. Aristóteles en su obra Sobre la política , escribe un capítulo sobre el modo de conservación de las Tiranías. Para controlar al pueblo y mantener el poder, un tirano tiene que lograr que el pueblo sea pusilánime, que no tengan confianza en ellos mismos para revelarse , etc. La Rosa Blanca mostraba cómo el nacionalsocialismo controlaba a sus súbditos y los sometía a una tiranía. A través de ello mostraban que el nacionalsocialismo era una dictadura y que debía caer, ya que no favorecía al ciudadano sino que lo dominaba y se aprovechaba de él. El estado se aprovechaba por el miedo de la población y de su subordinación al estado. En uno de sus escritos llamado Escritos de filosofía de la historia , Schiller presenta «la universalidad y unidad inmutable de las leyes de la naturaleza y del espíritu humano»; que significa que la naturaleza del hombre es siempre igual y no cambia a través de los siglos. Eso le permite relacionar el pasado con el presente. La Rosa Blanca expone en un panfleto la metáfora de cómo el estado de Esparta que era dominado por Licurgo y vivía bajo unas leyes que buscaban solo favorecer al estado. Publicidad. El Estado (de Licurgo) solo podía mantenerse bajo una única condición: que se paralizara el espíritu del pueblo; es decir, solo se podía conservar errando el más alto y único fin del Estado. Documento sobre la Rosa Blanca Op. cit. pág 145 La Rosa Blanca nombra en el primer panfleto la cuarta escena del segundo acto del El despertar de Epiménides de Goethe en la que hablan los Genios y la Esperanza. En esta escena empiezan los genios diciendo que todo aquello que ha surgido de las tinieblas debe evitarse que llegue al poder y volver al abismo junto con todos aquellos que se unan a él. Es entonces cuando la Esperanza responde diciendo que todos los valientes reunidos en la noche que le siguen deben demandar la libertad , como La Rosa Blanca hizo. Los jóvenes de la Rosa Blanca entendieron que la religión y la moral son la cuna de Europa y son los pilares mediante los que se debe sostener. Es por ello que en los panfletos claman por un retorno a la religión y a Dios. Es un llamamiento a la conciencia de todos los cristianos alemanes para que se despertaran y se opusieran a al régimen. Compararon el tiempo de Novalis, las guerras napoleónicas, con el suyo en plena segunda Guerra Mundial. Entienden que a través de la religión la seguridad volverá a Europa y ordenará la sociedad de nuevo. Publicidad. Sólo la religión puede despertar otra vez a Europa y dar a los pueblos seguridad, e instalar con nuevo esplendor la Cristiandad visible sobre la tierra, en su an?gua y pacificadora función. Novalis, Estudios sobre Fichte y otros escritos. Gracias a San Agustín y a Santo Tomás de Aquino, los jóvenes de La Rosa Blanca pusieron las bases de sus creencias y tuvieron la capacidad heroica de oponerse al régimen. Ellos entendían que la violencia del Tercer Reich era inhumana y que ante esto ellos no podían responder con mas violencia sino con otra forma de resistencia. La resistencia pasiva alentaba a los alemanes a ayudar acabar con la maquinaria del estado. De esta manera si cada uno se resistía a ayudar a esta maquinaria por fuerza esta tendría que detenerse. Como conclusión, los miembros de la Rosa Blanca pueden ser considerados héroes. Ellos fueron consecuentes con sus acciones, quisieron luchar contra el mal , a pesar de poner su vida en riesgo. Publicidad. Todos ellos fueron grandes lectores y encontraban gran interés en estudiar. Sophie y sus amigos buscaban la verdad y proponían un ideal de vida diferente al que se vivía en ese momento en Alemania. Proponían un gobierno federalista que se preocupase del bienestar del ciudadano y que buscase su felicidad , no un gobierno despótico y autoritario. Proponían una vida consecuente con sus ideales y pensamientos en la que los hombres libres se pudieran expresar sin miedo. Estos jóvenes son un ejemplo de madurez y coherencia que no deja indiferente a quien los conoce. No podemos dejar que nuestra sociedad caiga porque no se hizo nada por evitarlo. Por ello hablar sobre ellos no solamente hace que su memoria no desaparezca, sino que también contribuye a que el mundo despierte y se dé cuenta de la necesidad que tiene de ponerse en pie y trabajar para hacerlo mejor para todos. Publicidad. Bibliografía Aicher-Scholl, I. (1983). La Rosa Blanca. Barcelona: Columna Edicions. García Pelegrín, J. M. (2006) La Rosa Blanca, Los estudiantes que se alzaron contra Hitler. 2a ed. Madrid: Libros libres Leibniz, G. W. (2013). Ensayos de Teodicea. Salamanca: Ediciones sígueme. Novalis. (2007). Estudios sobre Fichte y otros escritos. Madrid: Akal Schiller, J. F. (1991). Escritos de Filoso a de la Historia . Murcia: Secretariado de Publicaciones Universidad de Murcia Sophie Scholl – Los úlfimos días. Marc Rothemund Dir. Broth Film / Goldkind Filmprodukion. 2005. Documento sobre la Rosa Blanca de la fundación “Weise Rose Siftung e.V.” cedida por Clara Forcados. COMPARTE EMBÁRCATE EN LA LUCHA CONTRARREVOLUCIONARIA: Si quieres defender la cristiandad y la hispanidad , envíanos tus artículos comentando la actualidad de tu país hispano desde una perspectiva tradicionalista, y nosotros los publicaremos . También puedes enviarnos artículos sobre la fe católica y la cultura , entendiendo cultura como amor a la verdad y la belleza, reseñas de libros, artículos de opinión … Ya somos más de 9.000.000 de lectores en todo el mundo , únete a nuestro equipo de voluntarios y difunde la verdad compartiendo en redes sociales , o remitiendo tus colaboraciones a redaccion@tradicionviva.es SÍGUENOS EN REDES SOCIALES: Telegram: t.me/tradicionviva Facebook: @editorial.tradicionalista Twitter: @Tradicion_Viva Gab: @TradicionViva Suscríbete al canal youtube y activa la campana: youtube.com/c/tradicionvivaTv Suscríbete a nuestro boletín digital gratuito, pulsa aquí whatsapp: próximamente Te necesitamos Somos un espacio de análisis lejos de los dogmas de la corrección política; puedes colaborar haciendo una DONACIÓN .   Te puede interesar: Publicidad."}
{"meta": {"id": "68936305", "type": "article", "source": "http://www.tradicionviva.es/reinodevalencia/", "meta": "", "title": "Revista Reino de Valencia", "lang": "es", "date": "2020-01-02 00:00:00", "hate": "", "terms": "revista, reino, valencia", "loc": "El Salvador"}, "text": "LEA EN CALAMEO DESCARGUE GRATUITAMENTE LA REVISTA EN FORMATO PDF TAMBIÉN PUEDE DESCARGAR GRATUITAMENTE TODOS LOS NÚMEROS EN PDF ÚLTIMOS ARTÍCULOS (EDICIÓN DIGITAL) PUBLICADOS EN LA WEB Una visión desde Oriente Medio 23/07/2020 30/06/2020 Está claro que no se puede comparar España y Emiratos, por su tamaño en población, su cultura, su legislación, pues son totalmente distintos, pero pese a ello también existen semejanzas. Revista Reino de Valencia España ha muerto. ¡Viva España! 22/07/2020 29/06/2020 ¿El Rey? Ya nos gustaría a muchos poder luchar por un rey que amase a su pueblo, que fuera como un padre que tiene el sagrado deber de proteger a sus hijos de intereses perversos y que atiende sus peticiones. Revista Reino de Valencia Catalina de Aragón. Una gran mujer, y una gran reina en tiempos de infamia 21/07/2020 29/06/2020 En los tiempos de infamia que vive España ¿no es hora de hacer ondear la cruz de Borgoña? Revista Reino de Valencia De rodillas, ar 20/07/2020 29/06/2020 El colmo es cuando uno ve a los denominados “triunfitos” arrodillándose ante toda España por un hecho violento sucedido en la otra parte del mundo a miles de kilómetros en algo que no afecta a la sociedad. Revista Reino de Valencia Del hundimiento y del desorden. Un ideal configuró una civilización 19/07/2020 29/06/2020 Pero Dios sigue adelante con su proyecto y desbarata los planes de las naciones. Algo tendremos que decir los hijos de la civilización cristiana. Revista Reino de Valencia ¿Por qué el catolicismo es el peor enemigo del moralismo? 18/07/2020 29/06/2020 No cabe duda de que vivimos en la época de las virtudes distorsionadas, las cuales nos instigan a permanecer siempre ocupados, con complejo de que estamos haciendo lo correcto, porque lo importante es “hacer muchas cosas”, por encima del “por qué las hacemos”. Revista Reino de Valencia El estado ateo 16/07/2020 29/06/2020 Los que sabemos que la libertad es un don de Dios, no podemos tragarnos semejante falacia como rueda de molino, no pueden convencernos con viles sofismas y hueras imposturas de tres al cuarto. Redaccion Porque todos, en determinado momento, podemos ser Juanjo 13/07/2020 30/06/2020 Las personas somos todas valiosas, pero de un tiempo a esta parte nos estamos deshumanizando, pensamos que hay parte de la población que ya no aporta nada y sin embargo molesta, genera un gasto que no queremos asumir. Revista Reino de Valencia Chile: La realidad después de la epidemia del coronavirus 12/07/2020 12/07/2020 Personalmente, soy pesimista porque prácticamente todas instituciones del Estado son controladas por el globalismo masónico en Chile, a lo que se agregan también las universidades y si sumamos el activismo político de izquierda también habría que incluir una gran parte del profesorado de los colegios y la jerarquía de la Iglesia Católica. Revista Reino de Valencia San Julio Anguita ¡¡Presente!! 11/07/2020 29/06/2020 Muchas veces hemos escuchado decir: “no hay que condenar a las personas sino a sus ideas”. Y, modestamente, entiendo que este es un caso de tan sabia perspectiva. Fernando José Vaquero Oroquieta 1 2 … 9 Siguiente → COMPARTE EMBÁRCATE EN LA LUCHA CONTRARREVOLUCIONARIA: Si quieres defender la cristiandad y la hispanidad , envíanos tus artículos comentando la actualidad de tu país hispano desde una perspectiva tradicionalista, y nosotros los publicaremos . También puedes enviarnos artículos sobre la fe católica y la cultura , entendiendo cultura como amor a la verdad y la belleza, reseñas de libros, artículos de opinión … Ya somos más de 9.000.000 de lectores en todo el mundo , únete a nuestro equipo de voluntarios y difunde la verdad compartiendo en redes sociales , o remitiendo tus colaboraciones a redaccion@tradicionviva.es SÍGUENOS EN REDES SOCIALES: Telegram: t.me/tradicionviva Facebook: @editorial.tradicionalista Twitter: @Tradicion_Viva Gab: @TradicionViva Suscríbete al canal youtube y activa la campana: youtube.com/c/tradicionvivaTv Suscríbete a nuestro boletín digital gratuito, pulsa aquí whatsapp: próximamente Te necesitamos Somos un espacio de análisis lejos de los dogmas de la corrección política; puedes colaborar haciendo una DONACIÓN .   Te puede interesar:"}
{"meta": {"id": "14909102", "type": "article", "source": "http://www.tradicionviva.es/2020/07/07/entrevista-abogados-cristianos-contra-el-lobby-lgtbi/", "meta": "", "title": "", "lang": "es", "date": "", "hate": "", "terms": "artículo", "loc": "Mexico"}, "text": "Carlos Pérez- Roldán, director de TradicionViva.es entrevista a Polonia Castellanos , Presidenta de la Asociación Española de Abogados Cristianos. En el programa la Tela de Araña hablamos del totalitarismo LGTBi, y de su actual enfrentamiento con el movimiento feminista. Ideología de género, teorias queer, transfobia, autodeterminación sexual, sexo, género … todos estos temas son abordados por Polonia Castellanos en la entrevista realizada por el director de Tradición Viva. Por favor, deja este campo vacío Reciba gratuitamente la revista cuatrimestral “Soberanía Social”, y semanalmente la selección de artículos del editor. Revisa tu bandeja de entrada o la carpeta de spam para confirmar tu suscripción. Publicidad. COMPARTE EMBÁRCATE EN LA LUCHA CONTRARREVOLUCIONARIA: Si quieres defender la cristiandad y la hispanidad , envíanos tus artículos comentando la actualidad de tu país hispano desde una perspectiva tradicionalista, y nosotros los publicaremos . También puedes enviarnos artículos sobre la fe católica y la cultura , entendiendo cultura como amor a la verdad y la belleza, reseñas de libros, artículos de opinión … Ya somos más de 9.000.000 de lectores en todo el mundo , únete a nuestro equipo de voluntarios y difunde la verdad compartiendo en redes sociales , o remitiendo tus colaboraciones a redaccion@tradicionviva.es Publicidad. SÍGUENOS EN REDES SOCIALES: Telegram: t.me/tradicionviva Facebook: @editorial.tradicionalista Twitter: @Tradicion_Viva Gab: @TradicionViva Suscríbete al canal youtube y activa la campana: youtube.com/c/tradicionvivaTv Suscríbete a nuestro boletín digital gratuito, pulsa aquí whatsapp: próximamente Te necesitamos Somos un espacio de análisis lejos de los dogmas de la corrección política; puedes colaborar haciendo una DONACIÓN .   Te puede interesar:"}
{"meta": {"id": "39103334", "type": "article", "source": "http://www.tradicionviva.es/2020/03/15/como-hace-china-para-derrotar-al-coronavirus-tecnologia-de-avanzada-o-nuevo-mundo-orwelliano/", "meta": "Por KontraInfo Publicado 15/03/2020", "title": "¿Cómo hace China para derrotar al #coronavirus? ¿Tecnología de avanzada o nuevo mundo orwelliano?", "lang": "es", "date": "2020-03-15 00:00:00", "hate": "(cierre fronteras | cerrar fronteras), (cierre de fronteras | cierre de fronteras), (son chino | fuera chino), (peligro chino | peligro chino), (trabajo chino | trabajo chino), (deportivos chino | deportar chino)", "terms": "cuarentena, publicidad, -se", "loc": "Bosnia and Herzegovina, Russia"}, "text": "China ha logrado invertir la tendencia de contagios del coronavirus usando una panoplia de herramientas tecnológicas, muchas de las cuales solo son posibles bajo la organización política y social específica del modelo chino, con fuerte intervención estatal y control de sus ciudadanos. Geolocalización de cada ciudadano, controles obligatorios de temperatura dos veces al día de cada habitante, Big Data e Inteligencia Artificial cruzando información vía aplicaciones en celulares sobre el potencial de riesgo de cada persona, cierre de fronteras y duras cuarentenas de ciudades enteras son solo algunos de los recursos empleados que han dado resultado. El propio Xi Jinping se apersonó este martes en Wuhan, donde se originó el virus, para inspeccionar de cerca el proceso de combate a la enfermedad y mostrar los avances. Veamos algunos de los recursos usados por China contra el coronavirus: Publicidad. -Se puso en cuarentena toda la ciudad de Wuhan, con 10 millones de habitantes, donde se originó la epidemia. -Comités vecinales y empresas deben informar a diario al Gobierno a través de una aplicación móvil con datos de los ciudadanos: nombre y apellido, número de identificación, temperatura a las 10 am y 3 pm, lugares visitados en los últimos 14 días, transporte utilizado, contacto con infectados y síntomas. -Usando el  Big Data , el Gobierno cruza toda esa información con datos del Ministerio de Salud, de Transporte y de Seguridad y devuelve por la aplicación de celular y un código QR tres valoraciones: verde si no hay peligro, amarillo para marcar algún grado de riesgo determinando una semana de cuarentena y rojo para quienes deben permanecer en cuarentena por dos semanas. Publicidad. -Otra aplicación informa al gobierno los trayectos de cada ciudadano vía geolocalización. El sistema cruza la información de cada individuo de acuerdo a sus entradas a lugares de trabajo, restaurantes, etc. para calcular la probabilidad de haberse cruzado con alguien infectado. -Se toma la temperatura en los accesos a metros, oficinas, edificio de residencia, de manera obligatoria a las 10am y 3pm (más de 37.3 grados es código rojo e implica dos semanas de cuarentena). -Se combinó el uso de cámaras térmicas de vigilancia con inteligencia artificial para analizar la temperatura de los ciudadanos en los lugares públicos. -Aumento de la infraestructura hospitalaria. La alta tasa de contagio del virus y su mortalidad en personas mayores colapsa los sistemas sanitarios. Fue famosa la construcción de un hospital para 1000 pacientes en solo 10 días: -Se prohibieron las visitas y solo se permite ingresar a residentes en cada urbanización y empleados en lugares de trabajo. Publicidad. -Se prohibieron espectáculos públicos como recitales, cine y teatro y actividades en gimnasios y centros deportivos. -Se suspendieron las clases en escuelas y universidades desde el 24 de enero, disponiendo un sistema de clases online para todos los alumnos. -Las personas no salen de su ciudad porque a la vuelta deben quedar obligatoriamente en cuarentena. Publicidad. La Organización Mundial de la Salud ha elogiado la forma orwelliana en que China está resolviendo el problema: “ha sido sin precedentes (…) en una democracia no hubieran sido posibles mientras el régimen político allí lo permite”, explicó María Neira, directora de Salud Pública de la OMS. “China era una situación muy particular, el comienzo, cuando no tenemos casi información. Y supuso poner casi de rodillas al país, visto su impacto social y económico, etc. Fue un momento muy crítico. Y es de agradecer su política”, agregó. ¿Cómo encarará Occidente este problema con sus “repúblicas liberales”, muy diferentes al particular “socialismo nacional con especificidad china”? ¿Se irán instituyendo a futuro modelos similares al chino en un Occidente con su paradigma civilizatorio en crisis? ¿Qué consecuencias políticas, económicas y sociales tendrá a nivel global el paso del coronavirus? COMPARTE Publicidad. EMBÁRCATE EN LA LUCHA CONTRARREVOLUCIONARIA: Si quieres defender la cristiandad y la hispanidad , envíanos tus artículos comentando la actualidad de tu país hispano desde una perspectiva tradicionalista, y nosotros los publicaremos . También puedes enviarnos artículos sobre la fe católica y la cultura , entendiendo cultura como amor a la verdad y la belleza, reseñas de libros, artículos de opinión … Ya somos más de 9.000.000 de lectores en todo el mundo , únete a nuestro equipo de voluntarios y difunde la verdad compartiendo en redes sociales , o remitiendo tus colaboraciones a redaccion@tradicionviva.es SÍGUENOS EN REDES SOCIALES: Telegram: t.me/tradicionviva Facebook: @editorial.tradicionalista Twitter: @Tradicion_Viva Gab: @TradicionViva Suscríbete al canal youtube y activa la campana: youtube.com/c/tradicionvivaTv Suscríbete a nuestro boletín digital gratuito, pulsa aquí whatsapp: próximamente Te necesitamos Somos un espacio de análisis lejos de los dogmas de la corrección política; puedes colaborar haciendo una DONACIÓN .   Te puede interesar: Publicidad."}
{"meta": {"id": "79080359", "type": "article", "source": "http://www.tradicionviva.es/2020/08/21/podemos-apoya-la-inmigracion-para-despues-explotar-a-los-trabajadores/", "meta": "Por Redaccion Publicado 21/08/2020", "title": "Podemos apoya la inmigración para después explotar a los trabajadores", "lang": "es", "date": "2020-08-21 00:00:00", "hate": "(cargo negro | carga negro), (es negro | fuera negro), (trabajadores negro | trabajo negro), (ilegal negro | ilegal negro), (Violencia negro | violento negro), (violar negro | violador negro), (financiación negro | subvención negro), (Deportiva negro | deportar negro)", "terms": "rosell, emplear, magistrado", "loc": "Spain, Mexico, Colombia, Portugal, Afghanistan"}, "text": "Una vez más una podemita es acusada de violar los derechos de los trabajadores, así a la polémica suscitada tras conocerse que Echenique pagaba en dinero negro a su asistente personal , y la polémica protagonizada por la ministra Montero (concubina de Pablo Iglesias) que reconoció en una conciliación ante los Juzgados de lo Social que obligaba a su guardaespaldas a realizar horas extras no remuneradas, y la obligaba a realizar compras particulares, se suma ahora la demanda de la que tendrá que defenderse Victoria Rosell , y en la que su empleada del hogar la acusa de pagarla en negro, y de despedirla al estar de baja médica por enfermedad. Cada día resulta más evidente el desprecio de Podemos a los derechos de los trabajadores , pues aunque se les llena la boca en defensa de los desvalidos, sin embargo parece que la realidad es que se aprovechan del estado de necesidad de miles de españoles para hacer con ellos su santa voluntad, y aplicando métodos de tiranía solo conocidos en los regímenes comunitas. Ahora conocemos que Simona Chambi,  de nacionalidad boliviana, y de profesión empleada de hogar, ha denunciado a la actual delegada del Gobierno contra la Violencia de Género, la podemita Victoria Rosell alegando que ha sido despedida de forma «improcedente» cuando se encontraba de baja por enfermedad, después de trabajar para para la podemita como empleada del hogar durante más de siete años, recibiendo su salario en dinero negro. Publicidad. Hasta la fecha en España estábamos acostumbrados a la corrupción de los cargos públicos (principalmente de Convergencia i Unio, PSOE, PNV, y Partido Popular), pero esta corrupción se centraba en el uso y abuso de los fondos públicos, sin embargo PODEMOS ha demostrado que no sólo se pueden malversar los fondos públicos (actualmente tienen una causa abierta por supuesta financiación ilegal), sino que además pueden corromperse en su vida privada , pues son numerosos los casos en los que se acusa a los podemitas  de aprovecharse de sus empleados, y de realizar prácticas que pueden definirse como de explotación laboral. Victoria Rosell (quien encabezó la candidatura de Podemos por Las Palmas en las elecciones de 2016 y 2019) es acusada ahora de tener una empleada de hogar sin contrato y cobrando en negro, y despedirla al estar en una situación de vulnerabilidad (baja médica por enfermedad). Resulta que la delegada del Gobierno contra la Violencia de Género parece no ser competente para dicho cargo, pues se ha aprovechado de la condición femenina de su empleada del hogar, y ha abusado laboralmente de ella. Igualmente, la empleada del hogar denuncia que Rosell ya se apropió indebidamente de un finiquito que correspondía a la trabajadora de un anterior contrato , pues en Simona Chambi se vio obligada a regresar a Bolivia debido a un problema familiar, por lo que pidió la rescisión voluntaria del contrato y fue dada de baja el 30 de noviembre de aquel año, sin que Rosell llegara a pagar el finiquito al que tenía derecho. Publicidad. Por lo visto la práctica habitual de la ex magistrada Rosell consistía en no dar de alta a sus empleadas de hogar, y en no firmar contratos de trabajo, ni realizar las oportunas cotizaciones a la Seguridad Social. Dado el cargo público de Victoria Rosell okdiario informa que al cabo de los años, y tras conseguir la empleada tener un contrato, Rosell modificó el contrato para que figurara como empleador su pareja Carlos Sosa , aunque a pesar de dicho cambio siguieron con las prácticas irregulares, pues en las vacaciones de agosto obligaban a su empleada a dar de comer a las mascotas y regar las plantas , sin recibir ningún tipo de remuneración y sin respetar su derecho a vacaciones. En estas circunstancias, y estando su empleada de baja médica por complicaciones tras una intervención quirúrgica, la trabajadora recibió la notificación por la que la pareja la despedía con fecha 16 de julio de 2020. Publicidad. No es la primera polémica de Victoria Rosell No parece el año de Victoria Rosell, pues no solo tendrá que enfrentar una denuncia por violación de los derechos de los trabajadores, sino que además tiene que dar explicaciones razonables tras su silencio ante la detención del Magistrado del Tribunal Constitucional, a propuesta del PSOE, don Fernando Valdés Dal-Ré, que ha sido acusado de violencia de género. Efectivamente, a todos ha resultado extraño el silencio que la delegada del Gobierno contra la Violencia de Género ha mantenido en torno al caso del magistrado del Tribunal Constitucional, Fernando Valdés Dal-Ré, quien fue detenido el pasado 10 de agosto por supuestos malos tratos a su esposa. Por favor, deja este campo vacío Reciba gratuitamente la revista cuatrimestral “Soberanía Social”, y semanalmente la selección de artículos del editor. Revisa tu bandeja de entrada o la carpeta de spam para confirmar tu suscripción. Publicidad. La exdiputada podemita, y actual delegada del Gobierno contra la violencia de género, se ha caracterizado por mantener los mantras del feminismo radical, y pronunciarse siempre sobre los asuntos catalogados como de “violencia de género”, incluso siendo protagonistas de salidas de tono propias del feminismo radical. Publicidad. ¿Rosell silenciosa por interés? Sin embargo parece que Rosell está inmersa en un clara situación de conflicto de interés , por cuanto el magistrado Valdés Dal-Ré es el ponente del recurso de amparo que ella interpuso ante el Tribunal Constitucional en el 2018 contra una sentencia del Tribunal Supremo, que anuló el fallo anterior del Tribunal Superior de Justicia de Canarias en el que se le había dado la razón a la magistrada. Evidentemente parece que Rosell no quiere enemistarse con el hombre que decidirá sobre su recurso, y evidentemente para un podemita primero están los intereses particulares, y después los intereses públicos. Su causa pendiente ante el Tribunal Constitucional, otro escandalazo. El actual recurso que Rosell tiene pendiente ante el Tribunal Constitucional se presentó frente a una Sentencia de la Sección Cuarta de la Sala de lo Contencioso-Administrativo del Tribunal Supremo que anuló la sentencia del Tribunal Superior de Justicia de Canarias reconociendo el derecho del Ministerio Fiscal a comprobar, de forma preliminar, y hasta un límite, hechos de una posible responsabilidad disciplinaria de jueces y magistrados. El caso en cuestión comenzó cuando el 23 de noviembre de 2015 la Fiscalía Provincial de Las Palmas recibió un sobre cerrado a nombre de la fiscal Evangelina Ríos. Contenía una fotocopia de un contrato de prestación de servicios –fechado el 26 de octubre de ese año– entre Clan de Medios, Comunicación y Marketing, S.L.U., propiedad de Carlos Sosa, pareja de hecho de la magistrada Rosell, y Patricio Viñayo García, en representación de la productora audiovisual Unión Deportiva Las Palmas, S.L., del que era máximo accionista el empresario Miguel Ángel Ramírez, propietario a su vez de ese equipo de fútbol. Publicidad. Hacía dos años que Ramírez estaba siendo investigado por la magistrada Victoria Rosell, titular del Juzgado de Instrucción 8 de Las Palmas , por los delitos contra la Hacienda Pública y la Seguridad Social. Una causa que todavía no se ha resuelto después de 7 años de instrucción, pues Rosell había dejado el Juzgado tres días antes de pedir la excedencia para incorporarse a Podemos como candidata a diputada por Las Palmas y de que su pareja firmase el referido contrato. La Fiscalía Provincial de Las Palmas empezó a sospechar del citado contrato, pareciendo sospechoso que se firmara justo tres días después de que Rosell dejase el Juzgado, existiendo indicios para pensar que tuvo que negociarse el contrato antes del cese de la magistrada, por ello la fiscalía ordenó abrir diligencias preprocesales sobre Rosell “con la finalidad de valorar la posible comisión de una infracción disciplinaria prevista en el artículo 417.8° de la Ley Orgánica del Poder Judicial al no haberse abstenido del conocimiento del asunto por concurrir en ella la causa prevista artículo 219.10° de la LOPJ ”: “Tener interés directo o indirecto en el pleito o causa”, ya que existían documentos que demostraban que la relación empresarial entre Ramírez y la pareja de Rosell se extendía en el tiempo desde el año 2006. Si bien es cierto que inicialmente el TSJ de Canarias dio la razón a Rosell en primera instancia, reconociendo que la Fiscalía no podía investigar disciplinariamente ni a jueces ni a magistrados y anulando las diligencias preprocesales llevadas a cabo por la Fiscalía, sin embargo el Tribunal Supremo consideró no ajustada a derecho la Sentencia del TSJ afirmando que “la cautela y prudencia que merece una denuncia anónima (…) no excluye que sea improcedente su archivo ‘a limine’ cuando revela hechos con trascendencia procesal o disciplinaria y no resulte notoria su falsedad. Su verosimilitud debe ser verificada para la comprobación de la información con carácter previo al ejercicio, como se aprecia en el Decreto de incoación, del derecho-deber de remitir denuncia al Consejo General del Poder Judicial por la posible comisión de una infracción disciplinaria”. Para el Supremo lo realizado fue conforme a derecho y de acuerdo con las facultades que le atribuyen a la Fiscalía el artículo 5.3 del Estatuto Orgánico del Ministerio Fiscal. Publicidad. Sus líos con la justicia deberían impedir que Rosell ocupara cualquier cargo público. PODEMOS se ha caracterizado por poner el listón muy alto cuando habla de la corrupción de otros partidos, sin embargo parece que la corrupción en su propias filas se mide con otros parámetros, pues el lío disciplinaria, y la posibilidad de que Rosell como magistrada interviniera en un asunto del que debía haberse apartado por la relación entre su pareja y algunos de los acusados debería ser suficiente para inhabilitarla de hecho para cualquier cargo público, sin embargo Rosell sigue cobrando de los presupuestos públicos, y presuntamente parece que viola los derechos laborales de su empleada de hogar. COMPARTE EMBÁRCATE EN LA LUCHA CONTRARREVOLUCIONARIA: Si quieres defender la cristiandad y la hispanidad , envíanos tus artículos comentando la actualidad de tu país hispano desde una perspectiva tradicionalista, y nosotros los publicaremos . También puedes enviarnos artículos sobre la fe católica y la cultura , entendiendo cultura como amor a la verdad y la belleza, reseñas de libros, artículos de opinión … Ya somos más de 9.000.000 de lectores en todo el mundo , únete a nuestro equipo de voluntarios y difunde la verdad compartiendo en redes sociales , o remitiendo tus colaboraciones a redaccion@tradicionviva.es Publicidad. SÍGUENOS EN REDES SOCIALES: Telegram: t.me/tradicionviva Facebook: @editorial.tradicionalista Twitter: @Tradicion_Viva Gab: @TradicionViva Suscríbete al canal youtube y activa la campana: youtube.com/c/tradicionvivaTv Suscríbete a nuestro boletín digital gratuito, pulsa aquí whatsapp: próximamente Te necesitamos Somos un espacio de análisis lejos de los dogmas de la corrección política; puedes colaborar haciendo una DONACIÓN .   Te puede interesar:"}
{"meta": {"id": "77940377", "type": "article", "source": "http://www.tradicionviva.es/2020/09/02/chile-como-los-marxistas-crean-una-mentira-para-justificar-una-revolucion/", "meta": "", "title": "", "lang": "es", "date": "", "hate": "", "terms": "artículo", "loc": "Chile"}, "text": "Lo hemos visto en Chile, y lo hemos visto en USA, los marxistas manipulan la verdad para justificar sus revoluciones violentes. Que todos los hispanos de cualquier parte del mundo se preparen para los procesos revolucionarios que se anuncian. Hoy traemos un vídeo en el que nuestros hermanos chilenos explican toda la verdad en el “Caso Maureira” , que fue uno de los casos de mayor relevancia a nivel nacional ocurrido en el “Estallido Social” de Octubre. Donde distintas organizaciones se querellan contra Carabineros de Chile por la supuesta violación y tortura que le ejercieron a un joven homosexual. Tanto la prensa, las instituciones de derechos humanos y los manifestantes atacaron sistemáticamente la imagen de la institución sin saber el vuelco que daría la historia… pero sí sabiendo el objetivo… desestabilizar a Carabineros. No te pierdas en vídeo para conocer la verdad, y para prepararte pues en tu país la izquierda ya está preparando las nuevas revoluciones, y con ello las nuevas manipulaciones. Publicidad. COMPARTE EMBÁRCATE EN LA LUCHA CONTRARREVOLUCIONARIA: Si quieres defender la cristiandad y la hispanidad , envíanos tus artículos comentando la actualidad de tu país hispano desde una perspectiva tradicionalista, y nosotros los publicaremos . También puedes enviarnos artículos sobre la fe católica y la cultura , entendiendo cultura como amor a la verdad y la belleza, reseñas de libros, artículos de opinión … Ya somos más de 9.000.000 de lectores en todo el mundo , únete a nuestro equipo de voluntarios y difunde la verdad compartiendo en redes sociales , o remitiendo tus colaboraciones a redaccion@tradicionviva.es SÍGUENOS EN REDES SOCIALES: Telegram: t.me/tradicionviva Facebook: @editorial.tradicionalista Twitter: @Tradicion_Viva Gab: @TradicionViva Suscríbete al canal youtube y activa la campana: youtube.com/c/tradicionvivaTv Suscríbete a nuestro boletín digital gratuito, pulsa aquí whatsapp: próximamente Te necesitamos Somos un espacio de análisis lejos de los dogmas de la corrección política; puedes colaborar haciendo una DONACIÓN .   Publicidad. Te puede interesar:"}
{"meta": {"id": "65332381", "type": "article", "source": "http://www.tradicionviva.es/2020/09/01/heroes-cristeros-miguel-gomez-loza/", "meta": "Por Redaccion Publicado 01/09/2020", "title": "Héroes cristeros: Miguel Gómez Loza", "lang": "es", "date": "2020-01-09 00:00:00", "hate": "", "terms": "jalisco, juventud, católico", "loc": "Spain, Mexico, Russia"}, "text": "Nació en Tepatitlán, Jalisco, el 11 de agosto de 1888. Hijo de campesinos, desde su niñez hasta su juventud cuidó de su madre, viuda, en la modesta aldea de Paredones; sin embargo, nunca abandonó el deseo de superarse en ciencia y en virtud. Desde su juventud fue promotor incansable de la doctrina social de la Iglesia. Junto con su entrañable amigo Anacleto González, en las filas de la Asociación católica de la juventud mexicana, de Guadalajara, encontró escuela y cátedra para su formación religiosa y moral, y para sus ansias apostólicas. Sorteando mil dificultades, ingresó a la Escuela libre de Derecho, perseverando en sus estudios hasta concluir la carrera de derecho. Hombre intrépido, de convicciones, nada le arredraba en sus propósitos cuando estos eran justos, lícitos y debidos. Por defender los derechos de los necesitados, cincuenta y nueve veces fue encarcelado, y muchas veces golpeado. En 1922 contrajo matrimonio con María Guadalupe Sánchez Barragán. De su matrimonio le nacieron tres hijas. En 1927, durante la persecución religiosa contra la Iglesia, Miguel se unió a la Liga defensora de la libertad religiosa , empleando todos los medios pacíficos permitidos para resistir los ataques del Estado a la libertad de credo. Para defender la libertad y la justicia, aceptó el nombramiento de gobernador de Jalisco, conferido por los católicos de la resistencia. Perseguido por las fuerzas federales, fue acribillado por el ejército federal, cerca de Atotonilco el Alto, Jalisco, el 21 de marzo del año 1928. Publicidad. COMPARTE EMBÁRCATE EN LA LUCHA CONTRARREVOLUCIONARIA: Si quieres defender la cristiandad y la hispanidad , envíanos tus artículos comentando la actualidad de tu país hispano desde una perspectiva tradicionalista, y nosotros los publicaremos . También puedes enviarnos artículos sobre la fe católica y la cultura , entendiendo cultura como amor a la verdad y la belleza, reseñas de libros, artículos de opinión … Ya somos más de 9.000.000 de lectores en todo el mundo , únete a nuestro equipo de voluntarios y difunde la verdad compartiendo en redes sociales , o remitiendo tus colaboraciones a redaccion@tradicionviva.es SÍGUENOS EN REDES SOCIALES: Telegram: t.me/tradicionviva Facebook: @editorial.tradicionalista Twitter: @Tradicion_Viva Gab: @TradicionViva Suscríbete al canal youtube y activa la campana: youtube.com/c/tradicionvivaTv Suscríbete a nuestro boletín digital gratuito, pulsa aquí whatsapp: próximamente Te necesitamos Somos un espacio de análisis lejos de los dogmas de la corrección política; puedes colaborar haciendo una DONACIÓN .   Publicidad. Te puede interesar:"}
{"meta": {"id": "28721874", "type": "article", "source": "http://www.tradicionviva.es/2020/08/28/la-cohesion-contrarrevolucionaria-espanola-el-carlismo/", "meta": "Por José Carlos Irles Sánchez Publicado 28/08/2020", "title": "La cohesión contrarrevolucionaria española: el carlismo", "lang": "es", "date": "2020-08-28 00:00:00", "hate": "", "terms": "ideo, carlista, guerra", "loc": "Spain, Asia, Colombia, Italy, Indonesia"}, "text": "Cuando hablamos del carlismo debemos remitirnos a la Constitución de Cádiz, pero ¿por qué?, pues porque es dónde triunfa el liberalismo y también cuando se hace el gran texto español de crítica al propio liberalismo: El Manifiesto de los Persas . En este documento, una serie de diputados realizan un escrito en el que acusan a los liberales de ponerse del lado de las ideas que precisamente habían defendido contra el invasor francés (Ayuso Torres, 2015). Es un documento magnífico, desde el punto de vista político e histórico, en el que se recogen las ideas contrarias al liberalismo y que fueron firmadas por 69 diputados contrarios a la Constitución de 1812. Fueron estas ideas contraliberales las que después se agrupan, cuando nace el carlismo, y se concentran en todos los sectores contrarios al liberalismo. Publicidad. El carlismo encuentra como uno de los pilares básicos la monarquía, la cual se encontraría limitada por la Ley Divina y los principios fundamentales. Sus amplias ideas que se recogían en el lema: «Dios, Patria, Fueros y Rey» hicieron que numerosas fuerzas coexistieran dentro del propio movimiento, ya que eran muy generales y unían a diferentes grupos sociales que a partir de 1833 se fueron cohesionando. Sus núcleos principales se encontraban en el País Vasco, Navarra y Cataluña, aunque también destacó la zona del Maestrazgo, en Castellón y en Aragón. El primer carlismo era realmente un movimiento de resistencia a las consecuencias que la revolución trajo a España: Proletarización del campesinado, disolución de los gremios, centralización, crisis religiosa, etc (Asín, y Bullón de Mendoza, 1987). Los apoyos sociales con los que contó van desde pequeños propietarios rurales, hasta llegar a campesinos, sabios de ideas antiliberales, buena parte del clero y en general, todos aquellos contrarios a la Constitución de 1812, a las ideas liberales, al centralismo y a la supresión de los fueros. Todos estos grupos se aglutinaron en 1833, en torno a Carlos María Isidro e inician el 2 de octubre de ese año la Primera Guerra Carlista con el levantamiento en Talavera de la Reina. No explicaremos aquí toda la guerra carlista porque no es el objetivo de este artículo. Para ello, tenemos la gran tesis doctoral del catedrático Alfonso Bullón de Mendoza que explica la Primera Guerra Carlista (Bullón de Mendoza, 1991) detalladamente, los ejércitos por los que estaba compuesto cada bando y las batallas que hubo en esta guerra de siete años que tuvo enormes gestas y batallas épicas por parte de los dos bandos, como la de Oriamendi o la toma de Morella e incluso se asedió por parte de las tropas carlistas  Bilbao, pero los legitimistas no consiguieron la toma de esta ciudad que tanto habían deseado. Publicidad. Finalmente, con el Convenio de Vergara y la traición del general legitimista Maroto, España ponía fin a una guerra civil sangrienta en la que los bandos enfrentados suscribieron una reconciliación. No así muchos de los carlistas que decidieron acompañar a don Carlos al exilio. Por tanto, debemos señalar que en ningún caso, esta reconciliación fue real y los conflictos armados entre liberales y carlistas continuarían durante todo el siglo XIX. COMPARTE EMBÁRCATE EN LA LUCHA CONTRARREVOLUCIONARIA: Si quieres defender la cristiandad y la hispanidad , envíanos tus artículos comentando la actualidad de tu país hispano desde una perspectiva tradicionalista, y nosotros los publicaremos . También puedes enviarnos artículos sobre la fe católica y la cultura , entendiendo cultura como amor a la verdad y la belleza, reseñas de libros, artículos de opinión … Ya somos más de 9.000.000 de lectores en todo el mundo , únete a nuestro equipo de voluntarios y difunde la verdad compartiendo en redes sociales , o remitiendo tus colaboraciones a redaccion@tradicionviva.es Publicidad. SÍGUENOS EN REDES SOCIALES: Telegram: t.me/tradicionviva Facebook: @editorial.tradicionalista Twitter: @Tradicion_Viva Gab: @TradicionViva Suscríbete al canal youtube y activa la campana: youtube.com/c/tradicionvivaTv Suscríbete a nuestro boletín digital gratuito, pulsa aquí whatsapp: próximamente Te necesitamos Somos un espacio de análisis lejos de los dogmas de la corrección política; puedes colaborar haciendo una DONACIÓN .   Te puede interesar:"}
{"meta": {"id": "14526264", "type": "article", "source": "http://www.tradicionviva.es/2020/09/08/peru-obispo-denuncia-falso-sacerdote-en-lurin/", "meta": "Por Redaccion Publicado hace 16 horas .", "title": "PERÚ: Obispo denuncia falso sacerdote en Lurín", "lang": "es", "date": "2020-09-16 00:00:00", "hate": "(es Moreno | fuera moreno)", "terms": "diócesis, publicidad", "loc": "Spain"}, "text": "Perú Católico / La  Diócesis de Lurín  indicó mediante un comunicado que Jairo José Moreno Segovia, de nacionalidad venezolana, no es sacerdote. En el documento firmado por el Vicario General,  P. Amadeo Raymi Mendoza , se aclara que la Diócesis de Guarenas (Venezuela) ha desmentido que Moreno Segovia sea sacerdote de la jurisdicción, a la cual el hombre afirmaba pertenecer. La Diócesis de Lurín señaló que la información fue recibida el 28 de agosto y se comunicó la lamentable noticia a las autoridades religiosas, civiles y policiales. Publicidad. “Agradecemos su atención y su oración para mantenernos siempre en la verdad y la libertad de los hijos de Dios”, agregó. Finalmente, la Diócesis indicó que, para cualquier comunicación al respecto, las personas se pueden dirigir con el párroco del lugar o el Vicario General. COMPARTE Publicidad. EMBÁRCATE EN LA LUCHA CONTRARREVOLUCIONARIA: Si quieres defender la cristiandad y la hispanidad , envíanos tus artículos comentando la actualidad de tu país hispano desde una perspectiva tradicionalista, y nosotros los publicaremos . También puedes enviarnos artículos sobre la fe católica y la cultura , entendiendo cultura como amor a la verdad y la belleza, reseñas de libros, artículos de opinión … Ya somos más de 9.000.000 de lectores en todo el mundo , únete a nuestro equipo de voluntarios y difunde la verdad compartiendo en redes sociales , o remitiendo tus colaboraciones a redaccion@tradicionviva.es SÍGUENOS EN REDES SOCIALES: Telegram: t.me/tradicionviva Facebook: @editorial.tradicionalista Twitter: @Tradicion_Viva Gab: @TradicionViva Suscríbete al canal youtube y activa la campana: youtube.com/c/tradicionvivaTv Suscríbete a nuestro boletín digital gratuito, pulsa aquí whatsapp: próximamente Te necesitamos Somos un espacio de análisis lejos de los dogmas de la corrección política; puedes colaborar haciendo una DONACIÓN .   Te puede interesar: Publicidad."}
{"meta": {"id": "97122694", "type": "article", "source": "http://www.tradicionviva.es/2020/08/25/chile-la-onu-vuelva-apoya-a-los-violentos/", "meta": "Por Redaccion Publicado 25/08/2020", "title": "Chile: La ONU apoya al feminismo violento", "lang": "es", "date": "2020-08-25 00:00:00", "hate": "", "terms": "experto, mujer, violencia", "loc": "United States of America"}, "text": "Un grupo de supuestos expertos en derechos humanos de la ONU pidió este lunes a Chile a retirar los cargos presentados por la policía contra el colectivo feminista Las Tesis, creadoras de la canción “Un violador en tu camino”, interpretada por primera vez el pasado mes de noviembre en el Día Internacional de la Eliminación de la Violencia contra la Mujer. Los expertos alegan que la aportación del grupo de mujeres fue clave en la denuncia de la violencia policial y la violencia contra las mujeres en Chile. “El Estado está obligado a proteger a las defensoras de los derechos humanos. No debe perseguirlas por ejercer sus libertades de expresión y de reunión pacífica. Hacemos un llamamiento a los fiscales  para que no den lugar a la acusación penal contra ellas presentada por la policía ”, afirmaron los expertos. Publicidad. Desde la publicación el pasado mes de noviembre de la canción “Un violador en tu camino” con motivo del Día Internacional de la Eliminación de la Violencia contra la Mujer, el colectivo Las Tesis goza de reconocimiento a nivel internacional. Según los expertos, el estribillo de la canción “el violador eres tú”, se ha usado en manifestaciones de mujeres en todo el mundo. Esta situación ha provocado que “el grupo y la canción  se hayan convertido en un símbolo de la demanda universal de las mujeres de poder vivir una vida libre de violencia “. Por ello, los expertos temen que si se llega a juzgar a las integrantes de la banda esto podría crear “un efecto desalentador” en las defensoras de los derechos humanos en otros países. Del mismo modo indicaron la necesidad de que se respete los diversos modos de opinión y expresión, como en este caso el arte feminista, considerándolos necesarios dentro de una comunidad plural. Publicidad. “Chile debe  proteger la libertad de expresión y la expresión cultural porque estas libertades contribuyen a una sociedad democrática “, concluyeron los expertos. Con esta petición la ONU trata de dar por buenas las tesis feministas que tratan de identificar a todos los varones como violadores. Igualmente la ONU olvida recordar que la muerte de miles de niños inocentes mediante el aborto, no es un derecho humano, y por tanto las tesis feministas deberían ser condenadas por genocidas. COMPARTE Publicidad. EMBÁRCATE EN LA LUCHA CONTRARREVOLUCIONARIA: Si quieres defender la cristiandad y la hispanidad , envíanos tus artículos comentando la actualidad de tu país hispano desde una perspectiva tradicionalista, y nosotros los publicaremos . También puedes enviarnos artículos sobre la fe católica y la cultura , entendiendo cultura como amor a la verdad y la belleza, reseñas de libros, artículos de opinión … Ya somos más de 9.000.000 de lectores en todo el mundo , únete a nuestro equipo de voluntarios y difunde la verdad compartiendo en redes sociales , o remitiendo tus colaboraciones a redaccion@tradicionviva.es SÍGUENOS EN REDES SOCIALES: Telegram: t.me/tradicionviva Facebook: @editorial.tradicionalista Twitter: @Tradicion_Viva Gab: @TradicionViva Suscríbete al canal youtube y activa la campana: youtube.com/c/tradicionvivaTv Suscríbete a nuestro boletín digital gratuito, pulsa aquí whatsapp: próximamente Te necesitamos Somos un espacio de análisis lejos de los dogmas de la corrección política; puedes colaborar haciendo una DONACIÓN .   Te puede interesar: Publicidad."}
{"meta": {"id": "42306969", "type": "article", "source": "http://www.tradicionviva.es/2019/05/21/la-civilizacion-cristiana-es-el-maximo-objetivo-de-la-elite-satanica-que-nos-gobierna/", "meta": "Por Carlos Pérez- Roldán Suanzes- Carpegna Publicado 21/05/2019", "title": "La civilización cristiana es el máximo objetivo de la élite satánica que nos gobierna", "lang": "es", "date": "2019-05-21 00:00:00", "hate": "", "terms": "resultar, fraude", "loc": "Colombia, Italy, Australia, Germany, United States of America"}, "text": "P- A todos nos sorprendieron los resultados electorales que el Gobierno proclamó tras las elecciones del 28 ¿los resultados fueron los reales, o fueron una mentira más del Gobierno de Pedro Sánchez? R-Las imposibles “casualidades matemáticas” de las asignaciones de escaños de los seis primeros partidos (múltiplos de 3, y realizando sumatorias de dos partidos se obtienen los de un tercero, ¡hasta 3 veces!) no dejan lugar a dudas: el PSOE asignó los escaños que iba a tener cada partido antes de que se celebraran las elecciones . De hecho, ya lo están haciendo con las próximas elecciones europeas y municipales. Si en el resto del mundo se enteraran de esto que acabo de contar, simplemente, el PSOE sería el hazmerreír del planeta. P- Los expertos en fraudes electorales consideran que los buenos fraudes comienzan antes de las elecciones ¿las encuestas del CIS fueron el preámbulo del fraude que se estaba preparando? ¿cuál era el objetivo de estas encuestas? Publicidad. R-Los sondeos de Tezanos en el CIS (que a todos los analistas les parecían imposibles, viendo los comentarios en la calle) han resultado ser “profecías autocumplidas”; es decir, su objetivo han sido preparar a la gente para aceptar el fraudulento resultado, porque algo que mucha gente acepta -piensan- se convierte  en real. P- En los países democráticos como Gran Bretaña, Alemania, Estados Unidos …, los resultados electorales tardan horas, e incluso días, en ser conocidos ¿no resulta sospechoso que, en España, a los pocos minutos de cerrarse los colegios electorales, ya se estuvieran dando anticipos de resultados que acabaron coincidiendo con los datos definitivos proclamados por el Gobierno? R-Esta es una práctica que se está repitiendo últimamente en otros países, no sólo en España, con el fin de adulterar los resultados; utilizan el espectáculo de la noche electoral televisiva para crear hechos consumados, en este caso, que estos resultados provisionales son reales. Las políticas de los globalistas son las mismas en todos los países y, en este caso, George Soros ha dado el argumentario de cómo se deben robar las elecciones en más países. De hecho, esto mismos métodos se van a emplear en las próximas elecciones europeas. Publicidad. P- ¿Cómo es posible que desaparezcan del censo más de 2.000.000 de personas? ¿tiene algo que ver que los partidos políticos puedan crear bases de datos recogiendo la tendencia ideológica de los ciudadanos? R- Me temo que sí. Es peligrosísimo. P- ¿Por qué VOX y el PP fueron los máximos perjudicados? Publicidad. R-En estos momentos, la civilización cristiana es el máximo objetivo de la élite satánica que nos gobierna. Desde ese punto de vista, es totalmente lógico. P- Ciudadanos, aunque en menor medida, fue uno de los beneficiados del supuesto fraude ¿esto demuestra que la formación naranja está más cerca de las tesis izquierdistas de Sánchez y sus apoyos, que de Casado y Santiago Abascal? R-Sinceramente, no sé cuánto ha salido beneficiado Ciudadanos del fraude, pero desde luego que sus tesis encajan con el Nuevo Orden Mundial y el Club Bilderberg. Publicidad. P- ¿Cómo tienen que plantearse los ciudadanos las próximas elecciones autonómicas, municipales y europeas, ante el posible fraude? R-Buena pregunta, y difícil de contestar. Por una parte, es lógico que el votante de Vox se sienta decepcionado por su ineptitud y falta de coraje para denunciar el fraude. Pero, por otra, de alguna manera han levantado la “alfombra” de lo falaz que es en realidad el sistema, y nos presenta una inmejorable oportunidad para deslegitimarlo si sus votantes acuden otra vez a votar en masa , sabiendo, como sabemos ahora, dónde se esconde el fraude. Simplemente, con que se conserven las actas de cada localidad, los ciudadanos podemos hacer un recuento en paralelo, con las actas originales y cotejar el supuesto fraude con el resultado final, lo que sería un auténtico jaque mate a los globalistas. Así pues, aún cuando uno esté decepcionado con Vox, hay que ir a votar para demostrar el fraude del 28 de abril, y reportar todas las irregularidades que se vean al Observatorio Ciudadano para la Transparencia Electoral . Su mail es:  eleccionestransparentesreal@gmail.com COMPARTE Publicidad. EMBÁRCATE EN LA LUCHA CONTRARREVOLUCIONARIA: Si quieres defender la cristiandad y la hispanidad , envíanos tus artículos comentando la actualidad de tu país hispano desde una perspectiva tradicionalista, y nosotros los publicaremos . También puedes enviarnos artículos sobre la fe católica y la cultura , entendiendo cultura como amor a la verdad y la belleza, reseñas de libros, artículos de opinión … Ya somos más de 9.000.000 de lectores en todo el mundo , únete a nuestro equipo de voluntarios y difunde la verdad compartiendo en redes sociales , o remitiendo tus colaboraciones a redaccion@tradicionviva.es SÍGUENOS EN REDES SOCIALES: Telegram: t.me/tradicionviva Facebook: @editorial.tradicionalista Twitter: @Tradicion_Viva Gab: @TradicionViva Suscríbete al canal youtube y activa la campana: youtube.com/c/tradicionvivaTv Suscríbete a nuestro boletín digital gratuito, pulsa aquí whatsapp: próximamente Te necesitamos Somos un espacio de análisis lejos de los dogmas de la corrección política; puedes colaborar haciendo una DONACIÓN .   Te puede interesar: Publicidad."}
