﻿{"meta": {"id": "309723701", "type": "article", "source": "http://www.makeleio.gr/%ce%b5%cf%80%ce%b9%ce%ba%ce%b1%ce%b9%cf%81%ce%bf%cf%84%ce%b7%cf%84%ce%b1/%ce%a4%ce%b1-guts-%cf%84%ce%b7%cf%82-%ce%a4%ce%b6%ce%bf%cf%8d%ce%bb%ce%b9%ce%b1-%ce%9d%cf%8c%ce%b2%ce%b1-%ce%ba%ce%b1%ce%b9-%ce%b7-sexy-%cf%80%cf%8c%ce%b6%ce%b1-%ce%bc%ce%b5-%cf%84%ce%bf-%ce%ba%ce%b1/", "meta": "LIFESTYLE ΕΠΙΚΑΙΡΟΤΗΤΑ 01|09|2020 00:23 / Athina / 5 ΣΧΟΛΙΑ / 1537 views", "title": "Τα guts της Τζούλια Νόβα και η sexy πόζα με το καπέλο που «έσπασε» το instagram! Ανανεωμένη και… ερωτική (ΕΙΚΟΝΑ)", "lang": "el", "date": "2020-09-07 00:23:00", "hate": [[], ""], "terms": "", "loc": ""}, "text": "Στην ονειρική Σαντορίνη περνάει τις διακοπές της η Τζούλια Νόβα, εμφανώς ανανεωμένη και ξεκούραστη. Από ότι φαίνεται ο νέος έρωτας τής έδωσε φτερά για κάτι καινούργιο και κυρίως της έδωσε αυτοπεποίθηση. Δείτε περισσότερα στο patkiout.gr"}
{"meta": {"id": "837331311", "type": "article", "source": "http://www.makeleio.gr/%ce%b5%cf%80%ce%b9%ce%ba%ce%b1%ce%b9%cf%81%ce%bf%cf%84%ce%b7%cf%84%ce%b1/%ce%a3%ce%ae%ce%bc%ce%b5%cf%81%ce%b1-%ce%b7-%cf%80%ce%b1%ce%bd%cf%83%ce%ad%ce%bb%ce%b7%ce%bd%ce%bf%cf%82-%cf%84%ce%bf%cf%85-%ce%ba%ce%b1%ce%bb%ce%b1%ce%bc%cf%80%ce%bf%ce%ba%ce%b9%ce%bf%cf%8d/", "meta": "ΕΠΙΚΑΙΡΟΤΗΤΑ 01|09|2020 08:51 / Makedonas / 0 ΣΧΟΛΙΑ / 158 views", "title": "Σήμερα η «πανσέληνος του καλαμποκιού» – Γιατί ονομάστηκε έτσι;", "lang": "el", "date": "2020-09-07 08:51:00", "hate": [[], ""], "terms": "πανσέληνος, moon", "loc": ""}, "text": "Η Πανσέληνος του Σεπτέμβρη που θα δούμε σήμερα είναι γνωστή με πολλά ονόματα, ενώ το επικρατέστερο φαίνεται να είναι το «Corn Moon», «Πανσέληνος του καλαμποκιού». Το αποψινό φεγγάρι σηματοδοτεί το τέλος του καλοκαιριού και την αρχή της φθινοπωρινής περιόδου και έχει πάρει το όνομα του από τους Αμερικάνους ιθαγενείς που έδιναν διαφορετικά ονόματα στην πανσέληνο κάθε μήνα για να μπορούν να αντιλαμβάνονται την πάροδο των εποχών και να τις συνδυάζουν με τα σημαντικά γεγονότα. Έτσι, το «Corn Moon», αναφέρεται στη συγκομιδή και στο αλώνισμα του καλαμποκιού, ενώ η αντίστοιχη ευρωπαϊκή ονομασία είναι το «Fruit Moon», δηλαδή η πανσέληνος των φρούτων, που σηματοδοτεί και αυτή με τη σειρά της την ωρίμανση και τη συγκομιδή των εποχιακών φρούτων. H Πανσέληνος αυτή αποτελεί την ένατη Πανσέληνο του έτους από τις 13 συνολικά και την τελευταία του καλοκαιριού. Η επόμενη πανσέληνος αναμένεται να πραγματοποιηθεί στις 2 Οκτωβρίου."}
{"meta": {"id": "852475061", "type": "article", "source": "http://www.makeleio.gr/%ce%b5%cf%80%ce%b9%ce%ba%ce%b1%ce%b9%cf%81%ce%bf%cf%84%ce%b7%cf%84%ce%b1/%ce%a4%ce%b5%ce%bb%ce%b9%ce%ba%ce%ac-%cf%84%ce%bf-%cf%87%ce%b5%ce%b9%cf%81%cf%8c%cf%84%ce%b5%cf%81%ce%bf-%ce%b6%cf%8e%ce%bf-%ce%b5%ce%af%ce%bd%ce%b1%ce%b9-%ce%bf-%ce%ac%ce%bd%ce%b8%cf%81%cf%89%cf%80/", "meta": "ΑΠΟΚΑΛΥΨΗ ΕΠΙΚΑΙΡΟΤΗΤΑ 22|08|2020 21:14 / Patriot / 12 ΣΧΟΛΙΑ / 2697 views", "title": "Τελικά το χειρότερο ζώο είναι ο άνθρωπος… Σκότωσαν το ελαφάκι της Πάρνηθας (ΦΩΤΟ)", "lang": "el", "date": "2020-09-07 21:14:00", "hate": [[], ""], "terms": "", "loc": ""}, "text": "Ντροπή, αίσχος, θλίψη, αποτροπιασμός… Τι να πει κανείς. Το γνωστό ελαφάκι της Πάρνηθας που κατέβαινε μέχρι κάτω στους πρόποδες του βουνού και μάλιστα είχε αποκτήσει και οικειότητα με τους ανθρώπους που το τάιζαν, βρέθηκε νεκρό από σφαίρα.   Η γνωστή ηθοποιός  Μαριάννα Τουμασάτου  που είναι κάτοικος της περιοχής, έκανε σχετική ανάρτηση στο διαδίκτυο."}
{"meta": {"id": "700101891", "type": "article", "source": "http://www.makeleio.gr/%ce%b5%cf%80%ce%b9%ce%ba%ce%b1%ce%b9%cf%81%ce%bf%cf%84%ce%b7%cf%84%ce%b1/%ce%9c%ce%b1%cf%87%ce%b7%cf%84%ce%b9%ce%ba%ce%ac-%ce%b1%ce%b5%cf%81%ce%bf%cf%83%ce%ba%ce%ac%cf%86%ce%b7-%ce%b1%cf%80%ce%ad%cf%84%ce%b9%cf%83%ce%b1%ce%bd-%cf%86%cf%8c%cf%81%ce%bf-%cf%84%ce%b9%ce%bc/", "meta": "ΕΠΙΚΑΙΡΟΤΗΤΑ ΠΕΡΙΣΣΟΤΕΡΑ 01|09|2020 10:14 / Makedonas / 0 ΣΧΟΛΙΑ / 77 views", "title": "Μαχητικά αεροσκάφη απέτισαν φόρο τιμής σε φωτογράφο – Πέταξαν πάνω από την κηδεία του (ΒΙΝΤΕΟ)", "lang": "el", "date": "2020-09-07 10:14:00", "hate": [[], ""], "terms": "", "loc": "Greece"}, "text": "Μαχητικά αεροσκάφη απέτισαν φόρο τιμής σε φωτογράφο, πετώντας πάνω από την κηδεία του στην Πάτρα. Όπως μετέδωσε το OPEN TV, δύο Έλληνες πιλότοι Phantom πέταξαν σε σχηματισμό πάνω από το Α’ νεκροταφείο."}
{"meta": {"id": "614158651", "type": "article", "source": "http://www.makeleio.gr/%ce%b5%cf%80%ce%b9%ce%ba%ce%b1%ce%b9%cf%81%ce%bf%cf%84%ce%b7%cf%84%ce%b1/%ce%9f%ce%bb%cf%85%ce%bc%cf%80%ce%b9%ce%b1%ce%ba%cf%8c%cf%82-%ce%9f-%ce%b4%cf%81%cf%8c%ce%bc%ce%bf%cf%82-%ce%b3%ce%b9%ce%b1-%cf%84%ce%bf%cf%85%cf%82-%ce%bf%ce%bc%ce%af%ce%bb%ce%bf%cf%85%cf%82-%cf%84/", "meta": "ΑΘΛΗΤΙΚΑ ΕΠΙΚΑΙΡΟΤΗΤΑ 01|09|2020 09:40 / Scarface / 0 ΣΧΟΛΙΑ / 108 views", "title": "Ολυμπιακός: Ο δρόμος για τους ομίλους του Champions League – Τα ζευγάρια και οι πιθανοί αντίπαλοι", "lang": "el", "date": "2020-09-07 09:40:00", "hate": [[], ""], "terms": "champions, league, ολυμπιακός, ζευγάρι, πλέι", "loc": "Greece"}, "text": "Η είσοδος στους ομίλους του Champions League αποτελεί τον πρώτο μεγάλο στόχο του Ολυμπιακού για τη νέα αγωνιστική σεζόν. Το μεσημέρι της Δευτέρας (31/8) πραγματοποιήθηκε η κλήρωση για τον γ’ προκριματικό γύρο του Champions League και ο Ολυμπιακός έμαθε τα τέσσερα ζευγάρια από τα οποία θα προκύψει ο αντίπαλός του στα πλέι οφ της κορυφαίας ευρωπαϊκής διοργάνωσης. Συγκεκριμένα, πρόκειται για τα ζευγάρια Μίντιλαντ-Γιουνγκ Μπόις, Ομόνοια-Ερυθρός Αστέρας, Καραμπάγκ-Μόλντε και Μακάμπι Τελ Αβίβ-Ντιναμό Μπρεστ. Υπενθυμίζουμε ότι στον πάγκο της Μακάμπι βρίσκεται ο Γιώργος Δώνης και μάλιστα ο Ελληνας προπονητής έχει ξεκινήσει πολύ καλά την περιπέτειά του στην τεχνική ηγεσία της ισραηλινής ομάδας, έχοντας πετύχει 4 νίκες σε 5 παιχνίδια. Τα παιχνίδια για τον γ’ προκριματικό γύρο είναι μονά και θα πραγματοποιηθούν στις 15 ή 16 Σεπτεμβρίου, ενώ στα πλέι οφ του Champions League είναι διπλά τα παιχνίδια. Τα πρώτα ματς θα γίνουν στις 22 ή 23 Σεπτεμβρίου και οι ρεβάνς 29 ή 30 Σεπτεμβρίου. Η κλήρωση για τα πλέι οφ θα πραγματοποιηθεί σήμερα το μεσημέρι και ο Ολυμπιακός θα μάθει το ζευγάρι από το οποίο θα προκύψει ο αντίπαλός του. Οι “ερυθρόλευκοι” έχουν την ποιότητα, αλλά και την τεχνογνωσία από πέρσι και αναμφίβολα όλα τα φόντα για να βρεθούν εκεί που αξίζουν. Στους ομίλους του Champions League ανάμεσα στις κορυφαίες ομάδες της Ευρώπης. Στην ελίτ του ευρωπαϊκού ποδοσφαίρου."}
{"meta": {"id": "525065081", "type": "article", "source": "http://www.makeleio.gr/%ce%b5%cf%80%ce%b9%ce%ba%ce%b1%ce%b9%cf%81%ce%bf%cf%84%ce%b7%cf%84%ce%b1/%ce%9c%cf%80%ce%ac%cf%87%ce%b1%ce%bb%ce%bf-%cf%83%cf%84%ce%b1-%ce%b4%ce%b7%ce%bc%cf%8c%cf%83%ce%b9%ce%b1-%ce%bd%ce%bf%cf%83%ce%bf%ce%ba%ce%bf%ce%bc%ce%b5%ce%af%ce%b1-26%cf%87%cf%81%ce%bf%ce%bd%ce%bf/", "meta": "ΕΠΙΚΑΙΡΟΤΗΤΑ Κορωνοϊός ΥΓΕΙΑ 30|08|2020 14:45 / Patriot / 10 ΣΧΟΛΙΑ / 366 views", "title": "Μπάχαλο στα δημόσια νοσοκομεία! 26χρονος με κορωνοϊό το έσκασε από τον Ευαγγελισμό – Ανθρωποκυνηγητό της ΕΛΑΣ για τον εντοπισμό του", "lang": "el", "date": "2020-09-07 14:45:00", "hate": [[], ""], "terms": "νοσοκομείο", "loc": ""}, "text": "Ο νεαρός άνδρας προσήλθε στο νοσοκομείο το βράδυ του Σαββάτου (29.08.2020). Είχε πυρετό, βήχα και πονόλαιμο. Συναγερμός έχει σημάνει στην αστυνομία για τον εντοπισμό ενός 26χρονου, ο οποίος έχει κορονοϊό και το… έσπασε από τον “Ευαγγελισμό”. Ο 26χρονος πήγε στο νοσοκομείο το βράδυ του Σαββάτου (29.08.2020), έχοντας πυρετό, βήχα και πονόλαιμο, με αποτέλεσμα να υποβληθεί σε τεστ για τον κορονοϊό. Όταν διαγνώστηκε θετικός, οι γιατροί τον ενημέρωσαν ότι πρέπει να νοσηλευτεί. Εκείνος, όμως, εξαφανίστηκε με τη βοήθεια του αδελφού του που ήταν μαζί του στο νοσοκομείο. Ακολούθησε επικοινωνία των γιατρών με τον αδελφό του 26χρονου, ο οποίος δήλωσε ότι ο συγγενής του δεν επιθυμεί να νοσηλευτεί, αλλά θα παραμείνει σε κατοικία για την οποία έχουν δοθεί ασαφή στοιχεία διεύθυνσης. Πλέον, τον αναζητεί η αστυνομία, ενώ σε βάρος του έχει ήδη σχηματιστεί δικογραφία και του έχει επιβληεθί πρόστιμο 5.000 ευρώ."}
{"meta": {"id": "387037531", "type": "article", "source": "http://www.makeleio.gr/%ce%b5%cf%80%ce%b9%ce%ba%ce%b1%ce%b9%cf%81%ce%bf%cf%84%ce%b7%cf%84%ce%b1/%ce%9f-%ce%b5%cf%87%ce%b8%cf%81%cf%8c%cf%82-%ce%b5%ce%bd%cf%84%cf%8c%cf%82-%cf%84%cf%89%ce%bd-%cf%84%ce%b5%ce%b9%cf%87%cf%8e%ce%bd-%ce%a4%ce%b5%cf%81%ce%ac%cf%83%cf%84%ce%b9%ce%bf-%cf%84%ce%bf-%ce%b4/", "meta": "ΑΜΥΝΑ ΚΑΙ ΕΘΝΙΚΑ ΘΕΜΑΤΑ ΑΠΟΚΑΛΥΨΗ ΕΠΙΚΑΙΡΟΤΗΤΑ 24|08|2020 04:00 / Patriot / 7 ΣΧΟΛΙΑ / 3600 views", "title": "Ο εχθρός εντός των τειχών: Τεράστιο το δίκτυο Τούρκων κατασκόπων στην Ελλάδα", "lang": "el", "date": "2020-09-07 04:00:00", "hate": [["(μουσουλμανικής άσυλο | άσυλο μουσουλμάνος)", "(τουρκική άσυλο | άσυλο τούρκος)", "(μουσουλμανικής άσυλο | άσυλο μουσουλμάνος)", "(τουρκική άσυλο | άσυλο τούρκος)", "(μουσουλμανικής δικαιώματα | δικαιώματα μουσουλμάνος)", "(τουρκική δικαιώματα | δικαιώματα τούρκος)", "(μουσουλμανικής κακός | κακός μουσουλμάνος)", "(τουρκική κακός | κακός τούρκος)", "(παράνομη μουσουλμανικής | παράνομος μουσουλμάνος)", "(παράνομη τουρκική | παράνομος τούρκος)", "(μουσουλμανικής συνόρων | σύνορα μουσουλμάνος)", "(τουρκική συνόρων | σύνορα τούρκος)", "(τουρκική μουσουλμανικής | τουρκία μουσουλμάνος)"], "(μουσουλμανικής άσυλο | άσυλο μουσουλμάνος), (τουρκική άσυλο | άσυλο τούρκος), (μουσουλμανικής άσυλο | άσυλο μουσουλμάνος), (τουρκική άσυλο | άσυλο τούρκος), (μουσουλμανικής δικαιώματα | δικαιώματα μουσουλμάνος), (τουρκική δικαιώματα | δικαιώματα τούρκος), (μουσουλμανικής κακός | κακός μουσουλμάνος), (τουρκική κακός | κακός τούρκος), (παράνομη μουσουλμανικής | παράνομος μουσουλμάνος), (παράνομη τουρκική | παράνομος τούρκος), (μουσουλμανικής συνόρων | σύνορα μουσουλμάνος), (τουρκική συνόρων | σύνορα τούρκος), (τουρκική μουσουλμανικής | τουρκία μουσουλμάνος)"], "terms": "ελλάδα, τουρκικός, έγγραφο, πληροφορία", "loc": "Greece, Greece, Turkey, Turkey"}, "text": "Νέα μυστικά έγγραφα έρχονται στο φως τα οποία επιβεβαιώνουν (εκ νέου) την εκτεταμένη παράνομη συλλογή πληροφοριών και παρεμβατικών κατασκοπευτικών δραστηριοτήτων στην Ελλάδα από την τουρκική ΜΙΤ (Εθνικός Οργανισμός Πληροφοριών, Milli İstihbarat Teşkilatı), καθώς και την τουρκική πρεσβεία και τα προξενεία της. Αποκαλύπτεται επίσης και ο ρόλος ανθρώπων της μουσουλμανικής μειονότητας στη Θράκη, οι οποίοι λειτουργούν για λογαριασμό της ΜΙΤ. Τα έγγραφα που αποκαλύπτει ο «κακός βραχνάς» του Ταγίπ Ερντογάν, Nordic Monitor και ο δημοσιογράφος Αμπντουλάχ Μποζκούρτ, ξεγυμνώνουν το ότι οι εχθρικές πράξεις εκπροσώπων της τουρκικής κυβέρνησης στην επικράτεια μιας συμμαχικής χώρας του ΝΑΤΟ, συνεχίζουν αμείωτες, καθώς η απειλή της αδιάκοπης επιδίωξης του Ταγίπ Ερντογάν να κυνηγά τους επικριτές του στο εξωτερικό, αμφισβητεί την εθνική ασφάλεια της Ελλάδας. Σε ένα από τα έγγραφα, από την 26η Μαρτίου 2019, απαριθμούνται 568 άτομα που εντοπίστηκαν στην Ελλάδα από τους Τούρκους της ΜΙΤ και φέρεται να είχαν σχέση με το κίνημα του Φετουλάχ Γκουλέν, γι’ αυτό και διέφυγαν από την Τουρκία. Σε ένα άλλο σχετικό μυστικό έγγραφο, ο Ερντογάν Καρτάλ, αναπληρωτής επικεφαλής του τμήματος αντιτρομοκρατίας στη Γενική Διεύθυνση Ασφαλείας στην Άγκυρα, στις 5 Νοεμβρίου 2019 ενημέρωσε για μια άλλη έκθεση πληροφοριών που συλλέχθηκε στην Ελλάδα, αυτή τη φορά όχι από τη MIT, αλλά από τις τουρκικές διπλωματικές αποστολές. Η τρισέλιδη έκθεση, που απαριθμούσε 47 Τούρκους υπηκόους που κατάφεραν να διαφύγουν της σύλληψης στην Τουρκία, υποβλήθηκε στην έδρα του Υπουργείου Εξωτερικών από την τουρκική Πρεσβεία στην Αθήνα και στη συνέχεια διαβιβάστηκε στην Αστυνομία, τη MIT και το Υπουργείο Δικαιοσύνης. Το δεύτερο αυτό έγγραφο αποκαλύπτει τον τρόπο με τον οποίο η τουρκική κυβέρνηση χρησιμοποιεί διπλωμάτες και προξενικούς υπαλλήλους που εργάζονται στην Ελλάδα ως μυστικούς πράκτορες, για να κατασκοπεύουν και να συλλέγουν πληροφορίες στο κράτος που τους φιλοξενεί. Η Ελλάδα λόγω των συνόρων της με την Τουρκία, έχει χρησιμοποιηθεί ως σημαντικός προορισμός για τους επικριτές και τους αντιπάλους του καθεστώτος Ερντογάν, συμπεριλαμβανομένων των Γκουλενιστών, για να ξεφύγουν από την οργή του. Οι τουρκικές υπηρεσίες αντικατασκοπείας, που ήδη τρέχουν επιχειρήσεις για τη συλλογή πληροφοριών χρησιμοποιώντας άτομα που προέρχονται από τις μειονοτικές μουσουλμανικές ομάδες στην Ελλάδα, προφανώς έχουν εντείνει τις δραστηριότητές τους στο γειτονικό μέλος του ΝΑΤΟ. Τα μυστικά έγγραφα δείχνουν ότι η Τουρκία παρακολουθεί τους επικριτές της ακόμη και αφού καταφέρουν να περάσουν στην Ελλάδα και να ζητήσουν άσυλο βάσει των διεθνών συμβάσεων για τα ανθρώπινα δικαιώματα."}
{"meta": {"id": "803880851", "type": "article", "source": "http://www.makeleio.gr/%ce%b5%cf%80%ce%b9%ce%ba%ce%b1%ce%b9%cf%81%ce%bf%cf%84%ce%b7%cf%84%ce%b1/%ce%9a%ce%b1%cf%84%ce%b1%ce%b3%cf%81%ce%ac%cf%88%cf%84%ce%b5-%ce%bc%ce%b5-%ce%b5%ce%b9%ce%ba%cf%8c%ce%bd%ce%b1-%ce%ba%ce%b1%ce%b9-%ce%ae%cf%87%ce%bf-%cf%84%ce%b9%cf%82-%ce%b1%ce%bb%ce%b7%cf%84%ce%b5/", "meta": "ΕΠΙΚΑΙΡΟΤΗΤΑ 04|12|2019 11:50 / makeleio.gr / 1 ΣΧΟΛΙΟ / 37176 views", "title": "Καταγράψτε με εικόνα και ήχο τις αλητείες της εξουσίας", "lang": "en", "date": "2019-09-07 11:50:00", "hate": null, "terms": "", "loc": ""}, "text": ""}
{"meta": {"id": "187774841", "type": "article", "source": "http://www.makeleio.gr/%ce%b5%cf%80%ce%b9%ce%ba%ce%b1%ce%b9%cf%81%ce%bf%cf%84%ce%b7%cf%84%ce%b1/%ce%88%cf%86%cf%84%ce%b1%cf%83%ce%b5-%cf%84%ce%b9%cf%82-35-%ce%ba%ce%b1%cf%84%ce%b1%ce%ba%cf%84%ce%ae%cf%83%ce%b5%ce%b9%cf%82-masters-o-%ce%a4%ce%b6%cf%8c%ce%ba%ce%bf%ce%b2%ce%b9%cf%84%cf%82/", "meta": "ΑΘΛΗΤΙΚΑ ΕΠΙΚΑΙΡΟΤΗΤΑ 30|08|2020 07:34 / Makedonas / 1 ΣΧΟΛΙΟ / 379 views", "title": "Έφτασε τις 35 κατακτήσεις Masters o Τζόκοβιτς", "lang": "el", "date": "2020-09-07 07:34:00", "hate": [[], ""], "terms": "τουρνουά, οσάκα, σετ, masters, σινσινάτι", "loc": "Japan, United States of America, Ukraine, Argentina"}, "text": "O Νόβακ Τζόκοβιτς δεν… καταλαβαίνει ούτε από τραυματισμούς, καθώς με μία μεγαλειώδη ανατροπή νίκησε με 2-1 σετ τον Μίλος Ράονιτς (1-6, 6-3, 6-4) και κατέκτησε το τουρνουά Masters του Σινσινάτι, φτάνοντας τους 35 τίτλους σε τουρνουά Masters και ισοφαρίζοντας το ρεκόρ του Ράφαελ Ναδάλ. Νωρίτερα η Ναόμι Οσάκα ενημέρωσε ότι ο τραυματισμός της δεν της επιτρέπει να αγωνιστεί στον τελικό των γυναικών, συνεπώς η Βικτόρια Αζαρένκα στέφθηκε πρωταθλήτρια. Με νικητή τον Νόβακ Τζόκοβιτς ολοκληρώθηκε το τουρνουά τένις Western & Southern Open του Σινσινάτι (που φέτος διεξήχθη κεκλεισμένων των θυρών στη Νέα Υόρκη), το πρώτο τουρνουά της ATP μετά από διακοπή σχεδόν έξι μηνών λόγω της πανδημίας. Ο Σέρβος, ο οποίος παραμένει αήττητος μέσα στο 2020, ξεπέρασε την πολύ κακή απόδοση του πρώτου σετ απέναντι στον Καναδό Μίλος Ράονιτς, για να φτάσει τελικά στη νίκη με 1-6, 6-3, 6-4 και να κατακτήσει για δεύτερη φορά στην καριέρα του τον συγκεκριμένο τίτλο. Ο “Νόλε” έφτασε τα 35 τρόπαια σε τουρνουά Masters 1000, ισοφαρίζοντας στην κορυφή της σχετικής λίστας τον Ράφα Ναδάλ. Όσον αφορά στις γυναίκες, η Ναόμι Οσάκα δεν θα μπορέσει να αγωνιστεί στον τελικό του Western & Southern Open, το τουρνουά της WTA στο Σινσινάτι, το οποίο, λόγω της πανδημίας του κορονοϊού πραγματοποιείται στο Flushing Meadows της Νέας Υόρκης. Η Γιαπωνέζα πρωταθλήτρια αναγκάστηκε να αποσυρθεί εξαιτίας τραυματισμού πριν παίξει στον τελικό με τη Λευκορωσίδα Βικτόρια Αζαρένκα, η οποία στη συνέχεια ανακηρύχθηκε νικήτρια άνευ αγώνα. “Λυπάμαι πολύ που πρέπει να αποσυρθώ λόγω τραυματισμού” δήλωσε η Οσάκα, χωρίς πάντως να διευκρινίσει εάν θα είναι σε θέση να συμμετάσχει στο US Open, το οποίο ξεκινά τη Δευτέρα (31/8). “Έπαθα τράβηγμα στον αριστερό μηρό χθες και δεν ανέκαμψα γρήγορα, όπως περίμενα. Ήταν μια συναισθηματικά τεταμένη εβδομάδα και θέλω να σας ευχαριστήσω όλους για την έκρηξη υποστήριξης”. Η αποχώρηση της Οσάκα έφερε τον πρώτο τίτλο για την Αζαρένκα μετά το 2016! Η Οσάκα είχε ανακοινώσει την αποχώρησή της πριν τον ημιτελικό, ως ένδειξη διαμαρτυρίας για την αστυνομική βία και τις φυλετικές διακρίσεις στις ΗΠΑ. Οι διοργανωτές την έπεισαν να επιστρέψει αναβάλλοντας τους αγώνες, η Γιαπωνέζα νίκησε στον ημιτελικό την Ελίζ Μέρτενς με 6-2, 7-6 αλλά τραυματίστηκε σε μια προσπάθειά της, στο δεύτερο σετ."}
{"meta": {"id": "607222251", "type": "article", "source": "http://www.makeleio.gr/%ce%b5%cf%80%ce%b9%ce%ba%ce%b1%ce%b9%cf%81%ce%bf%cf%84%ce%b7%cf%84%ce%b1/%ce%9c%cf%8d%ce%ba%ce%bf%ce%bd%ce%bf%cf%82-%ce%88%ce%be%ce%b9-%ce%ba%cf%81%ce%bf%cf%8d%cf%83%ce%bc%ce%b1%cf%84%ce%b1-%ce%ba%ce%bf%cf%81%ce%bf%ce%bd%ce%bf%cf%8a%ce%bf%cf%8d-%cf%83%ce%b5-%cf%80%ce%b1/", "meta": "ΕΠΙΚΑΙΡΟΤΗΤΑ Κορωνοϊός ΥΓΕΙΑ 29|08|2020 21:35 / Patriot / 0 ΣΧΟΛΙΑ / 601 views", "title": "Μύκονος: Έξι κρούσματα κορονοϊού σε πασίγνωστο ξενοδοχείο – Καταγγελίες ότι τα έκρυβαν", "lang": "el", "date": "2020-09-07 21:35:00", "hate": [[], ""], "terms": "", "loc": "Russia, Greece"}, "text": "Έξι κρούσματα κορονοϊού εντοπίστηκαν σε πασίγνωστο ξενοδοχείο της Μυκόνου. Όπως μετέδωσε το κεντρικό δελτίο ειδήσεων του ΣΚΑΪ, πραγματοποιήθηκε μυστική επιχείρηση από μικτό κλμάκιο της Γενικής Γραμματείας Πολιτικής Προστασίας, της Εθνικής Αρχής Διαφάνειας, του ΕΟΔΥ και της αστυνομίας , ύστερα από καταγγελίες ότι το ξενοδοχειακό συγκρότημα απέκρυπτε κρούσματα κορονοϊού. Έγιναν 200 τεστ, μεταξύ των οποίων εντοπίστηκαν έξι κρούσματα, τρία στο προσωπικό και τρία σε ενοίκους."}
{"meta": {"id": "72775961", "type": "article", "source": "http://www.makeleio.gr/%ce%b5%cf%80%ce%b9%ce%ba%ce%b1%ce%b9%cf%81%ce%bf%cf%84%ce%b7%cf%84%ce%b1/%ce%a3%cf%85%ce%bd%ce%b5%cf%87%ce%af%ce%b6%ce%b5%ce%b9-%cf%83%cf%84%ce%bf%ce%bd-%ce%a0%ce%b1%ce%bd%ce%b1%ce%b8%ce%b7%ce%bd%ce%b1%cf%8a%ce%ba%cf%8c-%ce%bf-%ce%a3%ce%ad%ce%ba%ce%b5%ce%bd%cf%86%ce%b5/", "meta": "ΑΘΛΗΤΙΚΑ ΕΠΙΚΑΙΡΟΤΗΤΑ 30|08|2020 21:52 / Spartacus / 0 ΣΧΟΛΙΑ / 489 views", "title": "Συνεχίζει στον Παναθηναϊκό ο Σέκενφελντ – Για άλλα τρία χρόνια στο “τριφύλλι” ο Ολλανδός στόπερ…", "lang": "el", "date": "2020-09-07 21:52:00", "hate": [[], ""], "terms": "σένκεφελντ, και, ολλανδός, ευρώ", "loc": "Greece"}, "text": "Η διαπραγμάτευση ανάμεσα στον Παναθηναϊκό και την πλευρά του Μπαρτ Σένκεφελντ για την επέκταση της συνεργασίας τους κράτησε περισσότερο από τρεις μήνες, ωστόσο όλα δείχνουν πλέον πως η όλη διαδικασία έχει μπει στην τελική ευθεία κι ο Ολλανδός στόπερ, ετοιμάζεται να ρίξει… άγκυρα στο «Τριφύλλι» για την επόμενη τριετία. Ο Τσάβι Ρόκα έκανε το απόγευμα της Παρασκευής (28/8) τον τελικό κύκλο συζητήσεων με την πλευρά του 28χρονου κεντρικού αμυντικού. Οι «πράσινοι» ανέβασαν την προσφορά τους στις 320.000 Ευρώ ετησίως (από 200.000 Ευρώ που έπαιρνε μέχρι σήμερα ο Ολλανδός), μαζί με μία σειρά από μπόνους στόχων και συμμετοχών κι ο Σένκεφελντ είπε προφορικά το «ναι». Οι απολαβές του μάλιστα θα είναι κλιμακωτά αυξανόμενες ανά έτος, ανεβάζοντας σημαντικά το συνολικό ποσό έως το καλοκαίρι του 2023. Το μοναδικό «αγκάθι» ήταν ο ατζέντης του Ολλανδού αμυντικού, ο Βέσεν Βέζενμπεργκ, ο οποίος αξίωνε ένα μεγάλο πριμ υπογραφής (80.000 Ευρώ), όμως κι εκεί φαίνεται πως βρίσκεται λύση και το θέμα θα τελειώσει θετικά. Αν δεν υπάρξει κάποια «ανατροπή», ο Σένκεφελντ υπογράψει το συμβόλαιό του έως το τέλος της επόμενης εβδομάδας."}
{"meta": {"id": "73427591", "type": "article", "source": "http://www.makeleio.gr/%ce%b5%cf%80%ce%b9%ce%ba%ce%b1%ce%b9%cf%81%ce%bf%cf%84%ce%b7%cf%84%ce%b1/%ce%9a%ce%bf%ce%b9%ce%bc%ce%b7%ce%b8%ce%b5%ce%af%cf%84%ce%b5-%ce%ae%cf%83%cf%85%cf%87%ce%bf%ce%b9-%ce%a0%ce%bf%ce%b9%ce%b1-%ce%b6%cf%8e%ce%b4%ce%b9%ce%b1-%ce%b4%ce%b5%ce%bd-%ce%b8%ce%b1-%ce%b5%cf%80/", "meta": "LIFESTYLE ΕΠΙΚΑΙΡΟΤΗΤΑ 31|08|2020 14:15 / Athina / 0 ΣΧΟΛΙΑ / 875 views", "title": "Κοιμηθείτε ήσυχοι! Ποια ζώδια δεν θα επηρρεαστούν από την Πανσέληνο του Σεπτεμβρίου", "lang": "el", "date": "2020-09-07 14:15:00", "hate": [[], ""], "terms": "ζώδιο, πανσέληνος, συναισθήματο, λέω", "loc": ""}, "text": "Αυτά είναι τα τρία ζώδια που θα επηρεαστούν λιγότερο από την Πανσέληνο του Σεπτεμβρίου. Κριός Αυτή η πανσέληνος είναι σίγουρα γεμάτη συναισθήματα, αλλά για εσένα, Κριέ, αυτά τα συναισθήματα δεν θα σε πλήξουν αρνητικά, αρκεί να είσαι πρόθυμη να επιβραδύνεις τους ρυθμούς σου. «Αυτή είναι μια στιγμή που πρέπει να ξεκουραστείς και να χαλαρώσεις», λέει η αστρολόγος Lisa Stardust. «Να είσαι ευγενική με το σώμα σου». Αντί να το επιβαρύνεις με projects και κοινωνικές υποχρεώσεις, άσε κενές ημέρες στο ημερολόγιο σου και δώσε στον εαυτό σου χρόνο να απολαύσει τον ύπνο, αναλογίσου τα συναισθήματά σου για το τι συμβαίνει στον κόσμο και χαλάρωσε με γυμναστική ή γιόγκα. Καρκίνος Ως ένα ευαίσθητο ζώδιο του νερού (και το μοναδικό ζώδιο που κυβερνάται από το φεγγάρι), η επαφή με τα συναισθήματά σου έρχεται με φυσικό τρόπο, πράγμα που σημαίνει ότι η ένταση αυτού του φαινομένου θα είναι εύκολη για εσένα. Ωστόσο, ήρθε η ώρα να βγεις από το στοιχείο σου και να αρχίσεις να συνηθίζεις το γεγονός ότι μπορεί να εξελιχθείς σε μια νέα έκδοση του εαυτού σου. «Το μυαλό σου εξελίσσεται», λέει η Stardust. «Άφησε τον εαυτό σου ελεύθερο για νέες δυνατότητες». Εάν παίζεις πάντα εκ του ασφαλούς, θα καταλήξεις να παγιδευθείς σε ένα κουτί. Άκουσε τη διαίσθησή σου για να σε καθοδηγήσει προς τους ανθρώπους, τα μέρη και τις ιδέες που αντιστοιχούν στο πώς αισθάνεσαι μέσα σου. Και μην αφήσεις τους φόβους σου να σε εμποδίσουν να διακινδυνεύσεις να δοκιμάσεις κάτι νέο. Αιγόκερως Η εισροή συναισθημάτων που ρέουν από αυτήν την πανσέληνο μπορεί συνήθως να φανεί άβολη για ένα πρακτικό ζώδιο της γης όπως εσύ, αλλά αυτή η πανσέληνος μπορεί στην πραγματικότητα να χρησιμεύσει ως χρήσιμος χρόνος για να επιβραδύνεις τους ρυθμούς σου και να αρχίσεις ήρεμα να εκφράζεις μερικά από τα συναισθήματα που έχουν καταπιεστεί μέσα σου. Εκφράζοντας τα συναισθήματά σου με λέξεις και αναζητώντας υποστήριξη μέσω φίλων θα αισθανθείς κάθαρση. «Έχεις αρχίσει να τρέχεις τον τελευταίο καιρό, οπότε τώρα είναι η ώρα να ηρεμήσεις», λέει η Stardust. Η απόκρυψη της ευαίσθητης πλευράς σου κάνει τα πράγματα πιο αγχωτικά, οπότε χαλάρωσε και άφησε τον εαυτό σου να εκφραστεί ελεύθερα."}
{"meta": {"id": "968649111", "type": "article", "source": "http://www.makeleio.gr/%ce%b5%cf%80%ce%b9%ce%ba%ce%b1%ce%b9%cf%81%ce%bf%cf%84%ce%b7%cf%84%ce%b1/%ce%a4%ce%b1-%ce%a3%ce%b5%ce%be%ce%bf%cf%85%ce%b1%ce%bb%ce%b9%ce%ba%ce%ac-%ce%9c%ce%b5%cf%84%ce%b1%ce%b4%ce%b9%ce%b4%cf%8c%ce%bc%ce%b5%ce%bd%ce%b1-%ce%9d%ce%bf%cf%83%ce%ae%ce%bc%ce%b1%cf%84%ce%b1/", "meta": "ΕΠΙΚΑΙΡΟΤΗΤΑ ΠΕΡΙΣΣΟΤΕΡΑ ΥΓΕΙΑ 01|09|2020 04:30 / Scarface / 0 ΣΧΟΛΙΑ / 479 views", "title": "Τα Σεξουαλικά Μεταδιδόμενα Νοσήματα που μπορεί να κολλήσετε από τον στοματικό έρωτα", "lang": "el", "date": "2020-09-07 04:30:00", "hate": [[], ""], "terms": "επαφή, σεξ, στοματικό, σμν", "loc": "Iran, India, Ireland, Slovakia, Germany"}, "text": "Γνωρίζατε πως κάποιοι άνθρωποι πιστεύουν λανθασμένα ότι είναι σπάνιο ή αδύνατο να εξαπλωθούν Σεξουαλικά Μεταδιδόμενα Νοσήματα (ΣΜΝ) από το στοματικό σεξ; Ωστόσο, είναι σαφέστατα πιθανό να κολλήσετε κάποιο ΣΜΝ από το στοματικό σεξ. Μάλιστα, μερικά Σεξουαλικά Μεταδιδόμενα Νοσήματα, όπως ο έρπης των γεννητικών οργάνων και η γονόρροια, συνήθως μεταδίδονται μέσω του στοματικού σεξ, σε σύγκριση με άλλα ΣΜΝ, όπως ο ιός HIV. Παγκοσμίως, περίπου 1 εκατομμύριο νέα ΣΜΝ αποκτούνται καθημερινά, σύμφωνα με τον Παγκόσμιο Οργανισμό Υγείας (ΠΟΥ). Είναι απαραίτητο οι σεξουαλικά ενεργοί άνθρωποι να κατανοήσουν το πώς μεταδίδονται τα ΣΝΝ και τους τρόπους με τους οποίους μπορούν να μειώσουν τον κίνδυνο εξάπλωσης λοιμώξεων. Στοματικά ΣΜΝ Είναι πιθανό να μεταδοθεί ένα ΣΜΝ με το στοματικό σεξ, καθώς αυτό περιλαμβάνει στενή επαφή και συχνά ανταλλαγή σωματικών υγρών. Τα ΣΜΝ εξαπλώνονται μέσω επαφής με σωματικά υγρά, ή με δέρμα που είναι μολυσμένο με ΣΜΝ. Διαφορετικά ΣΜΝ μεταδίδονται με διαφορετικούς ρυθμούς και μέσα από διάφορα σωματικά υγρά. Οι πιθανότητες εμφάνισης ενός ΣΜΝ εξαρτάται από διάφορους παράγοντες. Τα ΣΜΝ που διαδίδονται συχνότερα μέσω του στοματικού σεξ περιλαμβάνουν: Στοματικό σεξ και… έρπης γεννητικών οργάνων Ο έρπης των γεννητικών οργάνων είναι ένας ιός που μεταδίδεται μέσω σεξουαλικής επαφής με τον κόλπο, το στόμα ή τον πρωκτό ενός ατόμου που έχει έρπητα. Είναι εξαιρετικά μεταδοτική ασθένεια και τείνει να είναι πιο μεταδοτική κατά τη διάρκεια μιας έξαρσης στο άτομο που ήδη την έχει. Το κύριο σύμπτωμα του έρπητα είναι τα σπυράκια που εμφανίζονται στα γεννητικά όργανα. Αυτά μπορεί να εξαπλωθούν στους μηρούς, στους γλουτούς ή και σε άλλες γειτονικές περιοχές. Μπορούν επίσης να επηρεάσουν το στόμα, την γλώσσα και τα χείλη, ανάλογα με τον τύπο του έρπητα. Ακόμη και τα προφυλακτικά και άλλες μέθοδοι προστασίας στο σεξ μπορεί να αποτύχουν να εμποδίσουν την μετάδοση του ιού. Αυτό συμβαίνει ιδιαίτερα όταν κάποιος έχει μια πληγή ή κάποιο ανοιχτό σπυράκι που δεν καλύπτεται εντελώς από προφυλακτικό ή οδοντικό φράγμα. Οι άνθρωποι που έχουν στοματικό έρπη μπορούν επίσης να διαδώσουν την λοίμωξη στα γεννητικά όργανα των σεξουαλικών τους συντρόφων μέσα από το στοματικό σεξ. Είναι πιθανό για κάποιο άτομο να έχει έρπητα για πολλά χρόνια χωρίς να έχουν εμφανιστεί πληγές και σπυράκια. Ακόμα και οι άνθρωποι που είχαν μόνο μια έξαρση του ιού στην ζωή τους, ή που δεν έχουν τρέχοντα συμπτώματα και δεν έχουν κάνει ποτέ σχετικές εξετάσεις, μπορεί να έχουν έρπητα. Ο έρπης δεν είναι θεραπεύσιμος, αλλά μπορεί να τεθεί υπό διαχείριση με την κατάλληλη φαρμακευτική αγωγή. Στοματικό σεξ και… γονόρροια Η γονόρροια είναι μια εξαιρετικά μεταδοτική βακτηριακή λοίμωξη που εξαπλώνεται μέσω σεξουαλικής επαφής με τον κόλπο, το πέος, τον πρωκτό ή το στόμα ενός ατόμου με τη νόσο. Πολλοί άνθρωποι που έχουν γονόρροια δεν έχουν καθόλου συμπτώματα. Όταν εμφανιστούν συμπτώματα, μπορεί να περιλαμβάνουν: έκκριση υγρού από τα γεννητικά όργανα επώδυνες κινήσεις του εντέρου κνησμός (φαγούρα), ή κάψιμο κατά την ούρηση έκκριση λευκού, πρασινωπού, ή κιτρινωπού υγρού από το πέος αιμορραγία μεταξύ των περιόδων (για την γυναίκα) Η γονόρροια είναι θεραπεύσιμη, αλλά μπορεί να προκαλέσει σοβαρές επιπλοκές αν αφεθεί χωρίς θεραπεία. Στις γυναίκες, η μη γονόρροια που δεν αντιμετωπίζεται όπως πρέπει, μπορεί να προκαλέσει μια κατάσταση που ονομάζεται πυελική φλεγμονώδης νόσος. Αυτό μπορεί να οδηγήσει σε στειρότητα. Λιγότερο συχνά, η γονόρροια μπορεί επίσης να προκαλέσει στειρότητα στους άνδρες. Στοματικό σεξ και… σύφιλη Η σύφιλη είναι μια βακτηριακή λοίμωξη που εξαπλώνεται μέσω της σεξουαλικής επαφής με τον κόλπο, το στόμα, του πέους, τον πρωκτό, ή απλά μέσω δερματικής επαφής με πληγές στο σώμα ενός ατόμου με σύφιλη. Οι πληγές αυτές μπορεί να είναι μικροσκοπικές και δυσδιάκριτες στο γυμνό μάτι, οπότε ο μόνος τρόπος για να γνωρίζει κάποιος με βεβαιότητα αν έχει σύφιλη είναι να κάνει τις σχετικές εξετάσεις. Η σύφιλη μπορεί να θεραπευτεί, αλλά εάν αφεθεί χωρίς θεραπεία, μπορεί να προκαλέσει ανεπάρκεια οργάνων, άνοια και άλλα σοβαρά προβλήματα υγείας. Στο πρώιμο της στάδιο, η σύφιλη παρουσιάζει μικρές φλύκταινες/πληγές. Οι πληγές εμφανίζονται εκεί από όπου η σύφιλη εισέρχεται στο σώμα. Έτσι τα άτομα που κολλούν σύφιλη από το στοματικό σεξ μπορεί να έχουν πληγές στα γεννητικά τους όργανα, ή κοντά στο στόμα τους. Καθώς αναπτύσσεται η σύφιλη, προκαλεί εξανθήματα και βλάπτει τους βλεννογόνους αδένες. Σε μεταγενέστερα στάδιά της, μπορεί να προκαλέσει σοβαρά προβλήματα σε πολλά όργανα, συμπεριλαμβανομένης της καρδιάς και του εγκεφάλου. Στοματικό σεξ και… άλλες ασθένειες Υπάρχουν και κάποιες άλλες λοιμώξεις που είναι λιγότερο πιθανό να εξαπλωθούν μέσα από το στοματικό σεξ, ωστόσο κάποιες μολύνσεις εξακολουθούν να είναι πιθανές. Αυτές περιλαμβάνουν: Ο ιός HIV, ο οποίος μεταδίδεται όταν τα μολυσμένα σωματικά υγρά έρχονται σε άμεση επαφή με το αίμα του άλλου ατόμου. Στα πρώτα του στάδια, ο ιός HIV μπορεί να μην προκαλέσει συμπτώματα. Με την πάροδο του χρόνου, η ασθένεια αποδυναμώνει το ανοσοποιητικό σύστημα. Χλαμύδια, τα οποία εξαπλώνονται μέσω επαφής με τον κόλπο, το στόμα, το πέος, ή τον πρωκτό ενός ήδη μολυσμένου ατόμου. Οι περισσότεροι άνθρωποι δεν έχουν συμπτώματα. Για όσους έχουν, ο κνησμός των γεννητικών οργάνων, ή το κάψιμο μπορεί να συμβεί, μαζί με δυσκολία, ή πόνο στην ούρηση. Ψείρες στο εφηβαίο, τα οποία είναι μικροσκοπικά έντομα που τρέφονται με το αίμα και ζουν στις τρίχες των γεννητικών οργάνων. Τα έντομα αυτά μπορούν επίσης να ζουν σε άλλες τρίχες σώματος, αλλά όχι στο τριχωτό της κεφαλής. Οι ψείρες του εφηβαίου μπορούν να μεταπηδούν από το ένα άτομο στο άλλο μέσω φυσικής επαφής. Ηπατίτιδα Β και C, που είναι ιοί οι οποίοι προσβάλλουν το ήπαρ. Μπορούν να εξαπλωθούν μέσω επαφής με μολυσμένα σωματικά υγρά. Τα συμπτώματα μπορεί να αρχίσουν με συμπτώματα παρόμοια με εκείνα της γρίπης. Σε μερικούς ανθρώπους, ο ιός μπορεί να προκαλέσει οξεία ηπατική ανεπάρκεια, ή χρόνια ηπατικά προβλήματα. Κονδυλώματα, δηλαδή εξογκώματα πάνω ή κοντά στα γεννητικά όργανα που προκαλούνται από τον ιό των ανθρώπινων θηλωμάτων (HPV). Η ασθένεια εξαπλώνεται όταν το άτομο έρθει σε φυσική επαφή με κονδυλώματα στο δέρμα άλλου ατόμου. Πολλά άτομα με κονδυλώματα στα γεννητικά όργανα δεν έχουν συμπτώματα, αν και μερικά βιώνουν πόνο και φαγούρα κοντά στα γεννητικά τους όργανα. Ιός HIV (AIDS) Ο ιός HIV είναι παρών στο αίμα, το μητρικό γάλα, τα κολπικά υγρά, τα πρωκτικά υγρά, το σπέρμα και τα προσπερματικά υγρά. Για να κολλήσει κανείς τον ιό, τα σωματικά υγρά ενός μολυσμένου προσώπου πρέπει να έρθουν σε άμεση επαφή με την κυκλοφορία του αίματος άλλου ατόμου. Αυτό μπορεί να συμβεί με τρεις τρόπους: μέσω επαφής με κάποια ανοικτή πληγή στο δέρμα του μολυσμένου ατόμου, ακόμη και μικροσκοπική μέσω επαφής με βλεννογόνο, όπως ο κόλπος μέσω της άμεσης επαφής με την κυκλοφορία του αίματος, όπως μέσω της κοινής χρήσης βελόνας/σύριγγας Το στοματικό σεξ δεν συνιστά άμεση επαφή με την κυκλοφορία του αίματος. Για να κολλήσετε τον ιό HIV από το στοματικό σεξ, τα σωματικά υγρά του μολυσμένου ατόμου θα χρειαστεί να έρθουν σε επαφή με μια βλεννογόνο μεμβράνη, ή μια ανοιχτή πληγή του/της συντρόφου του. Είναι επίσης πιθανό να μεταδοθεί ο ιός HIV, όταν το άτομο που κάνει στοματικό σεξ έχει ανοικτή πληγή στο στόμα του, ή σε άλλη περιοχή του σώματος που έρχεται σε επαφή με τις βλεννογόνες μεμβράνες, ή ανοικτή πληγή του αποδέκτη."}
{"meta": {"id": "755380631", "type": "article", "source": "http://www.makeleio.gr/%ce%b5%cf%80%ce%b9%ce%ba%ce%b1%ce%b9%cf%81%ce%bf%cf%84%ce%b7%cf%84%ce%b1/%ce%98%ce%91-%ce%a4%ce%9f%ce%a5%ce%a3-%ce%9a%ce%91%ce%9d%ce%9f%ce%a5%ce%9d-%ce%a4%ce%9f%ce%9d-%ce%a0%ce%a4%ce%9f-%ce%a3%ce%91%ce%9d-%ce%94%ce%99%ce%95%ce%a5%ce%a1%ce%a9-%ce%a3%ce%b1%ce%bd-%cf%8d/", "meta": "ΕΠΙΚΑΙΡΟΤΗΤΑ ΝΤΟΚΟΥΜΕΝΤΟ ΠΕΡΙΣΣΟΤΕΡΑ ΡΕΠΟΡΤΑΖ 01|09|2020 09:30 / Scarface / 17 ΣΧΟΛΙΑ / 1343 views", "title": "ΘΑ ΤΟΥΣ ΚΑΝΟΥΝ ΤΟΝ Π@ΤΟ ΣΑΝ ΔΙΕΥΡΩ! Σαν ύαινες περιμένουν οι Κρητίκαροι τα λ@θροπιθήκια του Τυμπακίου – Η φωτό που δείχνει την ελληνική… φούντα που τους περιμένει", "lang": "el", "date": "2020-09-07 09:30:00", "hate": [[], ""], "terms": "", "loc": "Greece"}, "text": "Την ώρα που οι λ@θροπήθικοι από το Πακιστάν που ήρθαν από το μπουρδ@λο χώρα τους υποστηρίζοντας ανοικτά τον Ερντογάν για να καταλάβουν την Ελλάδα, πήραν προθεσμία για να απολογηθούν, μία φωτογραφία από τη Eurokinissi, λέει πολλά για το μέλλον αυτών των… λεβεντόπαιδων. Όπως μπορείτε να δείτε 4 Κρητίκαροι παρακολουθούν με ιδιαίτερα… ερωτικό ύφος τους λ@θροπακιστανούς να εξέρχονται του δικαστικού μεγάρου. Ο Θεός να τους φυλάξει και τους 22 λ@θρο από τους Κρητικούς εντός και εκτός φυλακής."}
