﻿{"meta": {"id": "11152242", "type": "article", "source": "http://www.la7.it/coffee-break/video/vendemmia-scordamaglia-i-voucher-occasione-persa-per-evitare-lassenza-di-manodopera-28-08-2020-337432", "meta": "28/08/2020 ", "title": "Vendemmia, Scordamaglia: I voucher occasione persa per evitare l assenza di manodopera "}, "text": "Il consigliere delegato di Filiera Italia Luigi Scordamaglia sulla crisi del settore con la chiusura ai lavoratori esteri per il Covid: Chiediamo ancora i voucher che consentono l accesso a questi lavori e la revisione degli ammortizzatori sociali "}
{"meta": {"id": "54326359", "type": "article", "source": "http://www.la7.it/laria-che-tira/video/rocca-di-papa-migranti-in-rivolta-28-08-2020-337439", "meta": "28/08/2020 ", "title": "Rocca di Papa, migranti in rivolta "}, "text": "Rocca di Papa, migranti in rivolta. Il servizio di Giuseppe Ferrante "}
{"meta": {"id": "13019696", "type": "article", "source": "http://www.la7.it/coffee-break/video/agroalimentare-confagricoltura-chiede-di-impiegare-i-percettori-di-rdc-06-04-2020-317978", "meta": "06/04/2020 ", "title": "Agroalimentare: Confagricoltura chiede di impiegare i percettori di RDC "}, "text": "La crisi derivante dalla mancanza di manodopera, soprattutto straniera, e le dichiarazioni di Coldiretti e Confagricoltura raccolte da Francesco Bardaro "}
{"meta": {"id": "27445755", "type": "article", "source": "http://www.la7.it/laria-che-tira/video/allarme-disoccupazione-giovanile-29-04-2013-98862", "meta": "29/04/2013 ", "title": "Allarme disoccupazione giovanile "}, "text": ""}
{"meta": {"id": "81936994", "type": "article", "source": "http://www.la7.it/coffee-break/video/terremoto-sindaci-in-protesta-a-roma-chiediamo-la-semplificazione-delle-procedure-per-la-15-01-2020-302198", "meta": "15/01/2020 ", "title": "Terremoto, Sindaci in protesta a Roma: Chiediamo la semplificazione delle procedure per la ricostruzione "}, "text": "Francesco Bardaro Grella intervista i sindaci di Norcia e Amatrice arrivati a Roma per protestare contro la burocrazia che blocca la ricostruzione a 4 anni dal sisma "}
{"meta": {"id": "59004144", "type": "article", "source": "http://www.la7.it/coffee-break/video/coronavirus-e-sicurezza-sul-lavoro-le-norme-per-i-lavori-che-non-si-fermano-17-03-2020-313849", "meta": "17/03/2020 ", "title": "Coronavirus e Sicurezza sul lavoro: le norme per i lavori che non si fermano "}, "text": "I dispositivi di protezione personale per tutti i lavoratori che non possono fermarsi nonostante l emergenza. Servizio di Francesco Bardaro Grella "}
{"meta": {"id": "80424234", "type": "article", "source": "http://www.la7.it/omnibus/video/slavina-su-hotel-nellappennino-si-temono-molti-morti-19-01-2017-202273", "meta": "19/01/2017 ", "title": "Slavina su hotel nell Appennino, si temono molti morti "}, "text": "L inviata Antonella Galli con le ultime notizia sulla slavina che ha colpito un hotel a Farindola alle pendici del Gran Sasso "}
{"meta": {"id": "30321174", "type": "article", "source": "http://www.la7.it/coffee-break/video/la-riforma-della-prescrizione-e-lobbligo-di-esercitare-lazione-penale-19-02-2020-308213", "meta": "19/02/2020 ", "title": "La riforma della prescrizione e l obbligo di esercitare l azione penale "}, "text": "Il servizio di Francesco Bardaro Grella sulla riforma della Giustizia del Ministro Bonafede "}
{"meta": {"id": "97796705", "type": "article", "source": "http://www.la7.it/speciali-mentana/video/crisi-di-governo-myrta-merlino-sembra-di-assistere-a-beautiful-27-08-2019-280048", "meta": "27/08/2019 ", "title": "Crisi di governo, Myrta Merlino: Sembra di assistere a Beautiful "}, "text": "Myrta Merlino torna lunedì 2 settembre con L Aria che Tira "}
{"meta": {"id": "6561138", "type": "article", "source": "http://www.la7.it/tgla7/video/scuola-ministra-azzolina-concorso-per-80mila-insegnanti-25-05-2020-326869", "meta": "25/05/2020 ", "title": "Scuola, Ministra Azzolina: Concorso per 80mila insegnanti "}, "text": "La Ministra dell Istruzione Lucia Azzolina: Il concorso permetterà a tanti precari di avere un contratto a tempo indeterminato "}
{"meta": {"id": "82968390", "type": "article", "source": "http://www.la7.it/coffee-break/video/indotto-autostrade-i-lavoratori-spea-contro-atlantia-per-700-posti-a-rischio-17-01-2020-302549", "meta": "17/01/2020 ", "title": "Indotto Autostrade: i lavoratori SPEA contro Atlantia per 700 posti a rischio "}, "text": "Servizio di Francesco Bardaro "}
{"meta": {"id": "35164064", "type": "article", "source": "http://www.la7.it/laria-che-tira/video/immigrazione-francesco-borgonovo-la-soluzione-e-il-blocco-navale-28-08-2020-337435", "meta": "28/08/2020 ", "title": "Immigrazione, Francesco Borgonovo: La soluzione è il blocco navale "}, "text": "Immigrazione, Francesco Borgonovo: A Rocca di Papa c è stata una rivolta dei migranti che non volevano fare la quarantena. Questi sono i problemi, che non riguardano la Sicilia. E le soluzioni nono sono toglierli dalla Sicilia per poi mandarli da qualche altra parte o sulle navi che costano due milioni di euro al mese. La soluzione è il blocco navale, mi dovete spiegare perché si va a rompere le scatole a chi gestisce discoteche e ristoranti, e non si chiude un centro accoglienza dove ci sono i contagiati? "}
{"meta": {"id": "20781092", "type": "article", "source": "http://www.la7.it/coffee-break/video/referendum-ravetto-fi-non-ce-una-discussione-valoriale-su-legge-elettorale-e-taglio-dei-parlamentari-27-08-2020-337249", "meta": "27/08/2020 ", "title": "Referendum, Ravetto-FI: Non c è una discussione valoriale su Legge Elettorale e taglio dei parlamentari "}, "text": "La parlamentare di Forza Italia Laura Ravetto sulle manovre della maggioranza per il rinnovo della legge elettorale e per il taglio dei parlamentari: Le posizioni sono semplicemente finalizzate alla sopravvivenza dei partiti, la discussione non è sulla rappresentanza di genere o territoriale ma sulle soglie di sbarramento "}
{"meta": {"id": "46465640", "type": "article", "source": "http://www.la7.it/laria-che-tira/video/lanomala-domenica-di-milano-02-03-2020-310713", "meta": "02/03/2020 ", "title": "L anomala domenica di Milano "}, "text": "Cinema, musei e teatri chiusi: i milanesi provano a cercare un po di normalità . Il servizio di Tiziano Scolari "}
{"meta": {"id": "52987113", "type": "article", "source": "http://www.la7.it/laria-che-tira/video/nelle-campagne-dove-si-muore-di-fatica-e-di-lavoro-27-02-2017-205638", "meta": "27/02/2017 ", "title": "Nelle campagne dove si muore di fatica e di lavoro "}, "text": "Al sud resiste ancora il caporalato: la storia di Paola Clemente, bracciante agricola morta ad Andria, racconta il lavoro nella sua declinazione più tremenda(Paola Moscardino) "}
{"meta": {"id": "6535787", "type": "article", "source": "http://www.la7.it/laria-che-tira/video/laria-che-tira-si-apre-sulle-note-di-volare-la-prima-puntata-senza-pubblico-in-studio-04-03-2020-311189", "meta": "04/03/2020 ", "title": "L Aria che Tira si apre sulle note di volare : la prima puntata senza pubblico in studio "}, "text": "Myrta Merlino: Se serve svuotiamo gli studi televisivi, smettiamo di baciarci e di abbracciarci per un po . Facciamo tutto quello che ci dicono di fare per battere questo maledetto virus "}
{"meta": {"id": "41003024", "type": "article", "source": "http://www.la7.it/coffee-break/video/regionali-in-puglia-il-candidato-raffaele-fitto-il-centrodestra-realmente-unito-per-un-programma-27-08-2020-337218", "meta": "27/08/2020 ", "title": "Regionali in Puglia, il candidato Raffaele Fitto: Il centrodestra realmente unito per un programma serio di cambiamento "}, "text": "Il deputato di Fratelli d Italia,candidato del centrodestra alla presidenza della Regione Puglia: La compagine di governo ha 4 candidati, forze politiche che si scontrano ogni giorno "}
{"meta": {"id": "59410676", "type": "article", "source": "http://www.la7.it/laria-che-tira/video/le-agenzie-di-viaggio-in-crisi-da-virus-02-03-2020-310754", "meta": "02/03/2020 ", "title": "Le agenzie di viaggio in crisi da virus "}, "text": "Il turismo in quarantena: oltre ai cittadini, il coronavirus contagia anche alberghi e compagnie di viaggio, rischiando di mettere ko il settore . Il servizio di Gabriele D Angelo "}
{"meta": {"id": "14670152", "type": "article", "source": "http://www.la7.it/laria-che-tira/video/lasilo-nido-che-rischia-di-aiutare-i-caporali-16-10-2015-164819", "meta": "16/10/2015 ", "title": "L asilo nido che rischia di aiutare i caporali "}, "text": "A Villa Castelli, in Puglia, i genitori che ne hanno bisogno possono lasciare i figli al nido fin dalle 3 del mattino: un regalo per chi utilizza i braccianti agricoli spesso in situazioni di mancata legalità (Paola Moscardino) "}
{"meta": {"id": "56005121", "type": "article", "source": "http://www.la7.it/coffee-break/video/raffaele-fitto-in-puglia-sono-arrivati-centinaia-di-immigrati-che-poi-sono-scappati-27-08-2020-337210", "meta": "27/08/2020 ", "title": "Raffaele Fitto: In Puglia sono arrivati centinaia di immigrati che poi sono scappati... "}, "text": "Raffaele Fitto: In Puglia sono arrivati centinaia di immigrati che poi sono scappati. In Puglia per sapere l esito di un tampone ci vogliono 11 giorni, come si fa a dire dopo un giorno che centinaia di persone arrivate sono negative? "}
{"meta": {"id": "65263637", "type": "article", "source": "http://www.la7.it/coffee-break/video/cosa-pensano-i-produttori-di-acque-minerali-della-plastic-tax-11-11-2019-292476", "meta": "11/11/2019 ", "title": "Cosa pensano i produttori di acque minerali della plastic tax "}, "text": "Il servizio di Francesco Bardaro Grella per Coffee Break "}
{"meta": {"id": "65980481", "type": "article", "source": "http://www.la7.it/coffee-break/video/bellanova-ministra-agricoltura-chiediamo-ai-lavoratori-che-svolgono-mansioni-umili-di-avere-il-23-03-2020-315027", "meta": "23/03/2020 ", "title": "Bellanova, Ministra Agricoltura: Chiediamo ai lavoratori che svolgono mansioni umili di avere il coraggio e senso dello Stato "}, "text": "Nelle emergenze si scopre che chi zappa la terra o trasporta sui camion ha una responsabilità enorme La ministradelle Politiche Agricole e Alimentari Teresa Bellanova si appella ai lavoratori ma anche ai consumatori: Non ammassarsi nei punti vendita è modo per aiutare chi lavora "}
{"meta": {"id": "34170082", "type": "article", "source": "http://www.la7.it/aggiornamenti-sul-coronavirus/video/coronavirus-dott-lorini-ospedale-bergamo-su-1000-posti-letto-ci-sono-400-pazienti-con-coronavirus-09-03-2020-312104", "meta": "09/03/2020 ", "title": "Coronavirus, Dott. Lorini (Ospedale Bergamo): Su 1000 posti letto ci sono 400 pazienti con coronavirus "}, "text": "Il Dott. Luca Lorini (Direttore rianimazione Ospedale di Bergamo): È una situazione difficile, che non abbiamo mai incontrato in queste dimensioni ma il sistema sanitario sta tenendo botta. Oggi stiamo dando una risposta clinica a tutti i pazienti. Abbiamo una terapia intensiva che ricovera 72 pazienti, normalmente sono pazienti di diverso tipo (trapianto, chirurgia addominale, infarto). Su 88 posti in terapia intensiva 60 sono dedicati ai pazienti che hanno una polmonite da coronavirus. L ospedale ha 1000 poste e in questo momento ci sono 400 pazienti con coronavirus . "}
{"meta": {"id": "80975472", "type": "article", "source": "http://www.la7.it/omnibus/video/amatrice-cialente-laquila-pronta-ad-ospitare-i-terremotati-05-09-2016-192422", "meta": "05/09/2016 ", "title": "Amatrice, Cialente: L Aquila pronta ad ospitare i terremotati "}, "text": "Il Sindaco de L Aquila Massimo Cialente commenta la polemica sui tempi di costruzione dei moduli abitativi per le popolazioni terremotate affermando che i 7 mesi previsti dalla protezione civile sono tempistiche corrette. Si dichiara disponibile ad accogliere nella sua città i cittadini di Amatrice e degli altri paesi colpiti dal sisma fino a che non saranno pronti gli alloggi "}
{"meta": {"id": "40268129", "type": "article", "source": "http://www.la7.it/laria-che-tira/video/coronavirus-giuseppe-conte-sulle-regioni-se-ognuno-va-per-conto-suo-si-crea-confusione-nel-paese-26-02-2020-309724", "meta": "26/02/2020 ", "title": "Coronavirus, Giuseppe Conte sulle regioni: Se ognuno va per conto suo, si crea confusione nel Paese "}, "text": "Coronavirus, Giuseppe Conte: Se ognuno va per conto suo, si crea confusione nel Paese. Disporre la chiusura delle scuole nelle zone non a rischio significa creare un problema ai genitori. Se non è una misura necessaria ha solo effetti negativi "}
{"meta": {"id": "16945044", "type": "article", "source": "http://www.la7.it/coffee-break/video/laura-tecce-matteo-salvini-ha-capito-che-chiedere-pieni-poteri-non-porta-fortuna-07-10-2019-285995", "meta": "07/10/2019 ", "title": "Laura Tecce: Matteo Salvini ha capito che chiedere pieni poteri non porta fortuna "}, "text": "Laura Tecce (La Notizia): Ieri sera c è stato un vertice ad Arcore in cui si è parlato di elezioni regionali e di come fare un opposizione compatta: Salvini ha capito che chiedere pieni poteri, arrogarsi questa leadership totale, non ha portato molto fortuna . Poi sul taglio dei parlamentari: E una proposta demagogica, il popolo l ha già bocciata due volte . "}
{"meta": {"id": "44356039", "type": "article", "source": "http://www.la7.it/lariadestate/video/il-caporalato-delluva-nelle-vigne-per-tre-euro-allora-08-09-2015-161719", "meta": "08/09/2015 ", "title": "Il caporalato dell uva, nelle vigne per tre euro all ora "}, "text": "Sono le tre di notte. A Francavilla Fontana in provincia di Brindisi arrivano i pullman dei caporali, che aspettano le donne per portarle in campagna. Sono tutte donne, e tutte italiane: le considerano molto più affidabili delle lavoratrici straniere. Questo è il periodo della vendemmia. Per andare a raccogliere l’uva, percorrono anche 300 chilometri al giorno. Accettano di lavorare anche per 10 ore nei campi, con una paga di 3 euro all’ora. Non solo dunque la raccolta del pomodoro. Anche dietro la produzione vitivinicola, settore patinato e di grande interesse, c’è un esercito di braccianti irregolari. Nel pezzo anche un ex bracciante irregolare che ammette: “È dura, è umiliante, perché credo che nessuno vorrebbe fare quel mestiere. I caporali ti stanno dietro, ti controllano, non sei padrona nemmeno di muoverti” (di Paola Moscardino). "}
