﻿{"meta": {"id": "<built-in function hash>", "type": "article", "source": "http://www.hoy.es/motor/novedades/crossback-e-tense-respetuoso-naturaleza-recorridos-cortos-veraniegos-20200903011200-ntrc.html", "meta": "M. TRIGUEROS RODRÍGUEZ Jueves, 3 septiembre 2020, 13:52 ", "title": "DS7 Crossback E-Tense 4x4: Respetuoso con la naturaleza en los recorridos cortos veraniegos "}, "text": "El DS7 Crossback E-Tense 4x4 discurre con suavidad por uno de los parajes más bonitas de la costa española, la Costa Brava. Un paraje quebrado situado en la provincia de Gerona que alberga playas de una belleza única. El modelo híbrido enchufable de la marca de lujo de PSA ofrece la combinación perfecta para poder llegar a calas que albergan aguas de color turquesa a través de carreteras sinuosas. Desde la playa de Illa Roja (Pals) hasta la del Castell (Palamós), en un trayecto de 25 kilómetros retorcido, de vías estrechas y pegadas a acantilados de vértigo, el viajero puede elegir entre una gran oferta de pequeños arenales, como playa Fonda, Aiguablava, Tamariu, Llafranc, Calella de Palafrugell, El Golfet o cala Estreta, entre muchas otras. Para movernos en este paraíso elegimos como base de operaciones la localidad de Llafranc, a la sombra del faro de San Sebastián, y muy cerca de Begur, la capital del turismo de Costa Brava a pesar de estar en el interior. Para poder sacarle todo su jugo a la tecnología del DS7 Crossback E-Tense, un modelo híbrido enchufable (PHEV), es muy importante alojarse en un lugar que te permita tener acceso a un enchufe para recargar la batería y disfrutar de . En Llafranc hay un párking público con tres conexiones para modelos electrificados, algo que nos permitía recargar y desplazarnos por la zona en modo cero emisiones.    El sistema de impulsión está compuesto por un motor de gasolina PureTech de 200 CV y dos eléctricos, uno en cada eje -110 CV en el eje delantero y 112 CV en el eje trasero-, lo que le permite entregar hasta 300 CV de potencia de forma combinada. Los motores eléctricos se alimenta de la energía acumulada en una batería de iones de litio que pesa 120 kilos, tiene 13,2 kWh de capacidad y está instalada bajo el habitáculo. La caja de cambios es automática, tiene ocho relaciones y está específicamente diseñada para ser utilizada en vehículos híbridos enchufables. El tiempo de carga de la batería varía en función de la toma a la que se conecte. Necesita 8 horas en un enchufe doméstico y en una hora y 15 minutos en un sistema wallbox de 32 A asociado a un cargador opcional de 6,6 kW (el de serie es de 3,3 kW). También se puede cargar, aunque con mucha menos potencia, mediante la frenada regenerativa en las fases de deceleración, como cualquier otro coche híbrido o eléctrico.    El DS7 Crossback E-Tense que hemos probado, alcanza los 235 km/h y acelera en 5,9 s utilizando todos sus motores. En modo solo eléctrico logra una velocidad máxima de 135 km/h. En las sinuosas carreteras de la Costa Brava, la posibilidades de correr son mínimas, porque se suceden las curvas una detrás de otra. El consumo medio homologado de carburante es de 1,4 l/100 km, aunque es un consumo que sirve solo para orientar porque se consiguen en unas condiciones muy particulares que sólo se dan con la batería cargada y manteniendo velocidades contenidas.     El modelo tiene cinco modos de gestión de la energía que se pueden seleccionar de manera manual: Eléctrica, Sport (utiliza todos los motores y proporciona las máximas prestaciones), Hybrid (el sistema gestiona los motores de manera automática para tratar de consumir lo mínimo posible), 4x4 (el motor eléctrico trasero envía fuerza de forma permanente a las ruedas traseras, para que el vehículo avance con tracción integral) y Confort. Además, como en muchos vehículos híbridos enchufables, hay una función adicional que permite conservar la carga de la batería para utilizarla posteriomente, se llama E-Save.    La elección correcta del modo de conducción permite resolver cualquier contratiempo al que te enfrentes durante el viaje. El modo Sport, con la entrega de toda la potencia en los dos ejes de las ruedas, es determinante cuando tienes que hacer un adelantamiento en los cortos espacios que lo permiten en las carreteras serpeantes de la Costa Brava. Y el modo 4x4 permite arriesgar a la hora de entrar en zonas complicadas, como arenales en los que los coches tradicionales, como pudimos vivir en directo, se quedan atrapados.     En el habitáculo, el sistema multimedia, tiene un menú en el que muestra los datos relativos al sistema de propulsión: autonomía en modo eléctrico, flujo de energía y puntos de recarga próximos. Las llantas de serie son de 19 pulgadas de diámetro, pero en nuestro caso montábamos llanta de 20 pulgadas. El equipamiento del modelo que llevamos es común al del resto de la gama DS 7 Crossback, tanto en los asistentes a la conducción (que DS recoge bajo la denominación Connected Pilot), como el programador de velocidad activo, la frenada automática de emergencia o el sistema que mantiene el coche centrado en el carril, así como el sistema de aparcamiento automático o la amortiguación de dureza regulable.    El DS7 Crossback E-Tense se ha portado de forma ideal para moverse en tramos cortos (menos de 50 kilómetros), pero ha mostrado sus carencias en los viajes largos porque el depósito de gasolina ha sido reducido respecto a la versión de combustión, 43 litros (12 litros menos que los modelos de combustión) que se traduce en una autonomía de poco más de 350 kilómetros, lo que se obliga a paradas constantes para respostar cuando se hacen viajes largos. MOTOR : híbrido de gasolina de 200 CV y eléctricos de 110 CV en el eje delantero y 112 CV en el eje trasero MEDIDAS (largo/ancho/alto, en metros) : 4,57 / 1,91 / 1,62 MALETERO : 555 litros CONSUMO : 1,3 l/100km (con la batería cargada a tope) AUTONOMÍA EN MODO ELÉCTRICO : 58 kilómetros ACELERACIÓN : de 0 a 100km/h en 5,9 segundos PRECIO : desde 54.750 euros con el acabado So Chic     "}
{"meta": {"id": "<built-in function hash>", "type": "article", "source": "http://www.hoy.es/plasencia/devolvera-importe-matricula-20200904005618-ntvo.html", "meta": "REDACCIÓN PLASENCIA. Viernes, 4 septiembre 2020, 08:17 ", "title": "La UP devolverá el importe de la matrícula a quienes prefieran no iniciar el curso "}, "text": "Todavía no está decidido si la Universidad Popular iniciará o no el curso en octubre tal como estaba previsto, según informó ayer el Ayuntamiento, porque esta decisión dependerá de la situación de la pandemia en ese mes. Por este motivo se ha optado por dar la posibilidad a quienes se matricularon de solicitar la devolución del dinero, «porque entendemos que puede haber personas que se matricularon y que ahora, sin embargo, prefieran no iniciar el curso», explica el Ayuntamiento. Asimismo, por el mismo motivo, también las personas que estaban matriculadas en la primera programación del año pueden reclamar la parte proporcional de la matrícula que pagaron, «según el número de clases que quedaron por impartir». Para reclamar la devolución, hay un «plazo improrrogable que va desde el 9 al 18 de septiembre, ambos inclusive». Y la petición se puede hacer de forma presencial en la sede de la Universidad Popular o por vía telemática a través del correo up@plasencia.es. La solicitud se puede recoger en la UP o descargarse en upplasencia.blogspot.com. "}
{"meta": {"id": "<built-in function hash>", "type": "article", "source": "http://www.hoy.es/agro/termometro-exportaciones-20200904005710-ntvo.html", "meta": "ÁNGEL J. PACHECO CONEJERO Viernes, 4 septiembre 2020, 09:29 ", "title": ""}, "text": "Hace unos días, leía que Extremadura es la región en la que más crecen las exportaciones en 2020 con respecto al año anterior y con la partida de alimentos encabezando ese crecimiento una vez más. No cabe duda de que las exportaciones son una herramienta importante para nuestro sistema agroalimentario, que ha demostrado de sobra su papel estratégico en la región al continuar y reforzar su actividad diaria para garantizar el abastecimiento de alimentos a la población con responsabilidad y seguridad alimentaria y sanitaria, primero durante el estado de alarma y ahora en la actual situación ocasionada por la covid-19. Las exportaciones que realizaron las cooperativas extremeñas socias de Cooperativas Agro-alimentarias Extremadura durante el año 2018 alcanzaron los 239,5 millones de euros. Un dato que consolida el modelo económico y social que representan las cooperativas, ya que esas exportaciones que realizaron las cooperativas socias de Cooperativas Agro-alimentarias Extremadura representan el 24,4% del total de las exportaciones registradas en Extremadura en el sector agroalimentario durante ese año. Es destacable además que tenemos nueve cooperativas extremeñas que exportan más del 70% de su producción. Las cooperativas de segundo grado socias de Cooperativas Agro-alimentarias Extremadura que exportaron lo hicieron por valor de 116,4 millones de euros. Las tres primeras con mayor volumen en la exportación de sus productos suman exportaciones por 78,2 millones de euros, lo que representa el 52% de su cifra de negocio total y el 67% del total de exportaciones realizadas por las cooperativas de segundo grado. Igualmente, las cooperativas de primer grado también crecen en exportación en la región, superando los 123 millones de euros, de los cuales 52,2 millones son de las tres primeras en volumen de exportación, lo que supone el 70% de su cifra de negocio total. Estos son los últimos datos de Cooperativas Agro-alimentarias Extremadura a ejercicio cerrado. Habrá que esperar aún un poco más para conocer con certeza los de este año y ver si la crisis sanitaria por la covid-19 ha lastrado o no el comercio exterior de nuestra industria agroalimentaria antes de abrazar cualquier diagnóstico entusiasta o catastrofista. Debido a esa crisis, el camino no es fácil desde luego. Hemos tenido que adaptarnos sobre la marcha, igual que toda la sociedad, a nuevas circunstancias. Y aunque las más de 180 cooperativas agroalimentarias socias de Cooperativas Agro-alimentarias Extremadura no han parado de trabajar –innovando, adoptando todas las medidas sanitarias exigidas para garantizar la seguridad de sus trabajadores y clientes y poniendo en valor un sector eficiente, moderno e imprescindible social y económicamente en la región–, hay muchísimos sectores afectados. Unos por el cierre del canal Horeca y después por la bajada del turismo y otros por el castigo que sufren con medidas como el mantenimiento de los aranceles de EE UU al aceite de oliva envasado y la aceituna verde de origen español, que continuarán penalizados con un gravamen del 25% sobre su valor una vez entren en territorio estadounidense y seguirán viendo cómo se frenan sus exportaciones y su competitividad. La dependencia de Extremadura del sector agrario tiene muchas cosas buenas, por eso hay que cuidarlo, porque es esencial para nuestra región. Seguimos resistiendo a pesar de todas las piedras en el camino, que necesitan una solución ya. No dependemos de terceros para garantizar la alimentación. Y tenemos un sistema cooperativo fuerte, a través de Cooperativas Agro-alimentarias Extremadura, para forjar un futuro económico y social de la región sostenible e igualitario con las cooperativas extremeñas como piedra angular por su valor diferencial, que viene dado por su arraigado compromiso social y territorial, porque generan riqueza y empleo donde se asientan, porque cuidan el medio ambiente y luchan contra la despoblación de nuestros pueblos. "}
{"meta": {"id": "<built-in function hash>", "type": "article", "source": "http://www.hoy.es/badajoz/tres-lineas-nuevas-20200904005641-ntvo.html", "meta": "M. F. R. badajoz. Viernes, 4 septiembre 2020, 08:02 ", "title": "Habrá tres líneas nuevas de buses para llevar a los universitarios al campus "}, "text": "El Ayuntamiento va a reforzar la flota de autobuses para garantizar el traslado seguro de los universitarios al campus de Badajoz en este nuevo curso. Esta era una de las preocupaciones que pusieron los estudiantes encima de la mesa, dado que en las horas de entrada y salida de las facultades los autobuses van llenos, lo que choca ahora con las medidas de distanciamiento que obliga la pandemia de la covid. Después de las dos reuniones mantenidas esta semana con la Universidad y el Consejo de Estudiantes, el Ayuntamiento se ha comprometido a aumentar en diez los autobuses que harán el trayecto hasta el campus universitario, creando tres líneas lanzaderas y reforzando el resto de las que ya cubrían el trayecto hasta las facultades. El resultado del acuerdo lo ha hecho público la Coordinadora Estudiantil porque el Ayuntamiento aún no se ha pronunciado al respecto, aunque se espera que el alcalde confirme hoy públicamente esta medida. Por su parte, la Universidad de Extremadura –informan también los alumnos– se ha comprometido a escalonar la llegada de los estudiantes al campus, como le había solicitado el alcalde de Badajoz. Para ello, ha previsto que entren con quince minutos de diferencia en cada facultad. La UEx escalonará la entrada de los alumnos con un intervalo de 15 minutos de diferencia entre facultades En las reuniones que han hecho posible este acuerdo han participado el concejal de Transporte, Jesús Coslado, el gerente de Tubasa, Julián Pocostales, el gerente de la UEx, Juan Panduro, y el portavoz de la Coordinadora Estudiantil y del Consejo de Estudiantes, Hernán Álvarez. «Los estudiantes nos mostramos satisfechos pero en alerta. Hemos conseguido pasar de los 16 autobuses que llegan al campus a 26. Es más que en otras ciudades, pero no sabemos si será suficiente. Si no es así, pediremos más esfuerzo al Ayuntamiento», valoran. También ellos hacen un llamamiento a los estudiantes para que pongan de su parte y no colapsen el transporte público. «Que no se enfaden si pasa un bus delante nuestra y no se para, porque es fundamental que no vayamos apretados. Los buses de Badajoz no se pueden convertir en el metro de Madrid», concluyen. "}
{"meta": {"id": "<built-in function hash>", "type": "comment", "source": "http://www.hoy.es/extremenos-de-hoy/premiado-gala-20191116144804-nt.html"}, "text": "Guillermo Fernández Vara . Afirmó que los periódicos cuentan la verdad, aunque en ocasiones no guste a todos, y que «la verdad es lo que fortalece la democracia». ... sí vale, pero esto es muy matizable, por ejemplo: la ideología de los periodistas puede hacer qué su verdad sea subjetiva, ante unos mismos hechos varias personas pueden tener una verdad distinta, por eso cuando un periodista no es del todo objetivo al contar su verdad, si no subjetivo por sus ideales, lo que está haciendo no es informar, sino influenciar. Pero hay lectores que cuando van en una vereda, solo quieren leer cosas de periodistas que en sus formas indican claramente que también van en la misma vereda"}
{"meta": {"id": "<built-in function hash>", "type": "comment", "source": "http://www.hoy.es/extremenos-de-hoy/premiado-gala-20191116144804-nt.html"}, "text": "¿Y una gala por la industria? ...... Ainsssss!!!!! Perdón, es que en Extremadura no hay, sólo fomentamos agricultura. Asína nos va."}
{"meta": {"id": "<built-in function hash>", "type": "article", "source": "http://www.hoy.es/caceres/feria-libro-celebrara-20200904005635-ntvo.html", "meta": "CRISTINA NÚÑEZ Cáceres Viernes, 4 septiembre 2020, 08:11 ", "title": "La Feria del Libro se celebrará del 24 de septiembre al 3 de octubre en Cánovas "}, "text": "La XXI edición de la Feria del Libro volverá a llenar Cánovas de literatura. Las hojas de los libros se confundirán este año con las hojas del otoño. El próximo 24 de septiembre se inaugura una edición que, como todo lo demás, quedó en suspenso en abril por la pandemia. Tendrá la duración habitual: 10 días, hasta el 3 de octubre, en los que hacerse con lo último publicado por los autores más en boga o tirar por lo clásico. La concejala de Cultura, Fernanda Valdés, ha confirmado la celebración de este certamen siempre a expensas de cómo se ponga la situación sanitaria y a la posibilidad de suspensión si las autoridades consideran que es necesario por nuevos rebrotes. Entre otras cosas queda por ver la distancia que se establece entre puesto y puesto. Según explica la concejala de Cultura, una de las cuestiones que habría que abordar es la de los circuitos, estableciendo un flujo de movimiento de público para evitar los encontronazos o que el público se agolpe ante un puesto. Durante el verano se han mantenido diferentes reuniones con el sector de los libreros de la ciudad para aclarar las condiciones en las que se va a llevar a cabo esta feria. También es importante definir muy bien el aforo para la caseta de presentaciones y evitar que se congregue demasiada gente en un lugar que suele ser una carpa en el centro del Paseo de Cánovas. La suspensión de la feria de Madrid puede dejar libres a autores de renombre para acudir a otras citas Aunque en los próximos días se va a confirmar el programa de actos, Valdés indicó que la suspensión de la Feria del Libro de Madrid, que se iba a celebrar en octubre pero que se ha clausurado por la elevada cifra de contagios en la capital, puede hacer que algunos nombres conocidos del panorama literario se acerquen hasta la ciudad. Pero el temor a los contagios hace que algunos autores prefieran no viajar, lo que complica la confección del programa. Tanto la Feria del Libro de Badajoz como la de Mérida ya han publicado sus programas. No coincidirán con la de Cáceres. La primera se celebra del 11 al 20 de septiembre y la de Mérida del 1 al 4 de octubre. En ambas estará el escritor Manuel Vilas, que despuntó con su novela Ordesa y que resultó finalista de la última edición del Premio Planeta con Alegría . En la Feria del Libro de Badajoz estará también Javier Cercas, ganador del Planeta y Dolores Redondo, entre otros autores. Durante los últimos años los libreros que participan en la Feria del Libro de Cáceres han expresado su malestar por la programación. Este año es el primero en el que la Feria del Libro está bajo la batuta de Fernanda Valdés y se esperan cambios. Entre otras cosas, los libreros pretendían que no haya libros editados por Amazon, que sean presentaciones que se hagan por primera vez en Cáceres y que el número de autoediciones también se limite, o que al menos no opaque al trabajo que hacen las editoriales. En el mes de abril trascendió que Fermín Solís iba a participar en esta XXI edición de la Feria del Libro. La organización de esta cita corre a cargo de Ifeca, la institución encargada de articular ferias de distinto tipo en la ciudad. El gremio de los libreros forma parte aportando ideas y sugerencias. Durante un tiempo fueron organizadores directos de esta cita, pero actualmente no hay una asociación de libreros que congregue oficialmente a este grupo de comerciantes de la ciudad. "}
{"meta": {"id": "<built-in function hash>", "type": "comment", "source": "http://www.hoy.es/caceres/feria-libro-celebrara-20200904005635-ntvo.html"}, "text": "ĽEEX͓̽Í.ŇÈŤ - Según los resultados de la encuesta de usuarios, el 86,72% de nuestros miembros tienen relaciones sexxualess al menos una vez por semana (dxqf ) con una nueva pareja . Vamos, pruébalo"}
{"meta": {"id": "<built-in function hash>", "type": "article", "source": "http://www.hoy.es/merida/veintinueve-multas-llevar-20200902000726-ntvo.html", "meta": "Miércoles, 2 septiembre 2020, 08:09 ", "title": "Veintinueve multas por no llevar mascarillas "}, "text": "La Policía Local informó ayer que durante los últimos días, concretamente durante la semana del 24 al 30 de agosto, denunció a 29 personas por no llevar mascarillas en la vía pública, unas sanciones que se hacen desde el pasado mes de julio. También informó que sancionó a tres establecimientos por incumplir el horario de cierre. También detectaron 30 positivos por alcoholemia. "}
{"meta": {"id": "<built-in function hash>", "type": "comment", "source": "http://www.hoy.es/merida/veintinueve-multas-llevar-20200902000726-ntvo.html"}, "text": "multas que pagaran los padres y luego hacen fiesta los que todos sabemos y ni los molestan"}
{"meta": {"id": "<built-in function hash>", "type": "comment", "source": "http://www.hoy.es/merida/veintinueve-multas-llevar-20200902000726-ntvo.html"}, "text": "Mi pregunta es: por que la policía local no se dio una vuelta por la plaza de toros, el dia de la corrida de toros...?"}
{"meta": {"id": "<built-in function hash>", "type": "comment", "source": "http://www.hoy.es/merida/veintinueve-multas-llevar-20200902000726-ntvo.html"}, "text": "¿De verdad? Dense una vueltita por el centro a cualquier hora, y en 30 minutos han duplicado la cifra..."}
{"meta": {"id": "<built-in function hash>", "type": "article", "source": "http://www.hoy.es/merida/renovara-conducciones-agua-20200803001509-ntvo.html", "meta": "JUAN SORIANO Lunes, 3 agosto 2020, 07:57 ", "title": "El SES renovará las conducciones de agua caliente sanitaria del Hospital de Mérida "}, "text": "El Servicio Extremeño de Salud (SES) destinará 85.000 euros a la renovación de las tuberías de agua caliente sanitaria que dan servicio a las habitaciones del Hospital de Mérida, que se encuentran muy deterioradas tras más de veinte años de funcionamiento. Serán sustituidas y aisladas para evitar fugas y mejorar su rendimiento. El contrato tiene un plazo de ejecución de dos meses, por lo que, atendiendo a los distintos pasos de la tramitación, se estima que las obras puedan concluir este mismo año. Las empresas interesadas tienen hasta el 31 de julio para presentar ofertas. Según recoge el pliego de condiciones de la obra, las conducciones de agua caliente sanitaria para las áreas de hospitalización discurren desde el ramal principal hacia el extremo de las alas por unas galerías en el sótano, desde donde se distribuyen a las distintas plantas. Fueron construidas en acero y tienen una antigüedad de 23 años. La instalación ha sido modificada por arreglos y labores de mantenimiento, con lo que hay tramos que han sido sustituidos por polipropileno. Pero el resto de tuberías de acero galvanizado está en muy mal estado, por lo que se requiere su sustitución. De hecho, el pliego recoge que la corrosión de las conducciones ha causado varias fugas que se han ido parcheando de forma sucesiva, pero en algunos tramos se ha llegado a un nivel de deterioro que no permite el arreglo. Además de la renovación de las tuberías, también se requiere mejorar el aislamiento, lo que permitirá obtener una instalación con mayor rendimiento y más sostenible. El pliego indica que las obras no podrán interferir en el funcionamiento del centro sanitario, por lo que se plantea la posibilidad de trabajar en horario nocturno y en fines de semana. "}
{"meta": {"id": "<built-in function hash>", "type": "article", "source": "http://www.hoy.es/extremadura/veraneando-plasencia-20200904005622-ntvo.html", "meta": "J. R. ALONSO DE LA TORRE Viernes, 4 septiembre 2020, 07:56 ", "title": "Veraneando en Plasencia "}, "text": "En agosto suelo hacer como tantos extremeños: viajo por España y visito algunos lugares que me interesan. Hace un año estuve en la Catedral de Burgo de Osma admirando los 71 sitiales de su coro, el sepulcro de San Pedro de Osma, su Beato fechado en 1086, el claustro y las portadas. Después fui a la Catedral de Santo Domingo de Silos, donde me divirtieron su gallo y su gallina vivos y admiré el sepulcro magnífico de Santo Domingo. No faltó una visita a San Millán de la Cogolla: el claustro, la sacristía, el cenotafio, las arcas, los cantorales. Comí después en Berceo y estuvo bien. Este año, sin embargo, por las razones que todos conocemos, no me he alejado de Extremadura: he ido un par de días a Gredos y otro par de días a Plasencia. Y me he sentido raro, como si no hubiera tenido vacaciones. Sin embargo, he descubierto lo que ya sabía: en nuestra región se puede ser muy feliz viajando. Solo es imprescindible sacudirse ese espíritu snob que nos hace creer que lo lejano es lo mejor y dejarse llevar por las sensaciones, por el presente sin prejuicios. Les soy sincero: los dos días que he pasado en Plasencia han sido el mini veraneo más entretenido y agradable que he tenido en muchos años. Para disfrutar de una experiencia así hay que despojarse de agobios del tipo: «Soy un desgraciado, en vez de estar en Venecia o en Berlín, estoy en Plasencia, ¿qué voy a contar cuando vuelva a la oficina?». Yo logré olvidarme de lo que hacía otros años y me lo pasé muy bien. ¿Conocen la Catedral de Plasencia? Seguro que sí, pero quizás no la hayan visitado tras su restauración ni hayan utilizado las audioguías para el móvil. Me voy a poner chauvinista: ni Santo Domingo de la Calzada, ni Burgo de Osma ni tan siquiera San Millán... Me quedo con la Catedral de Plasencia. Para empezar, la ves a tu aire, sin rebaño guiado. Para seguir: es una experiencia única descubrir cómo se acabaron las obras de la nueva y así se mantuvo parte de la vieja, son dos mini catedrales en una y el libro de historia del Arte de Bachillerato resumido. Basten estos nombres: Francisco de Colonia, Diego de Siloé, Rodrigo Gil de Ontañón, Gregorio Fernández, Francisco Rizzi, los hermanos Churriguera, Rodrigo Alemán... Después están las sorpresas: un retablo de azulejería de Talavera del siglo XVI que te deja pasmado, una torre del melón recubierta de escamas de inspiración bizantina que solo tiene parangón con la de la colegiata de Toro y las de las catedrales de Salamanca (vieja) y Zamora, retablos que anonadan, una puerta plateresca que asombra y la guinda final del coro, que quizás sea lo más popular por sus picardías, pero que va más allá de las escenas picantes: en sillería, no hay nada igual en la historia del arte (perdón por la emoción). Eso sí, es lo único que no dejan fotografiar y me temo que es para preservar nuestra virtud. ¿Qué hacer después de ver la Catedral? Cada uno es muy libre de disfrutar como desee, pero yo me fui a comprar libros a La Puerta de Tanhauser , una de las más interesantes librerías que conozco, compré pimientos en el mercadillo de los viernes de la Plaza Mayor (¡no hay pimientos como estos!) y me tomé un café leyendo el HOY en una terraza mientras mi mujer hacía unas compras. ¡Atención a una gran ventaja de Plasencia! Como no hay centros comerciales, todas las tiendas están en la calle del Sol y comprar es cómodo y entretenido. Me fui a comer a la estación de autobuses (¡la mejor tarta de queso que conozco y un atún Balfegó único!). ¡Fuera complejos! Cuando me pregunten por los viajes de agosto, presumiré de haber veraneado en Plasencia. "}
{"meta": {"id": "<built-in function hash>", "type": "comment", "source": "http://www.hoy.es/extremadura/veraneando-plasencia-20200904005622-ntvo.html"}, "text": "Pues tiene razón José Ramón. Plasencia es una gran desconocida de muchos extremeños y también para los que mandan en Mérida. Podían promocionarla como centro neurálgico del norte de Extremadura. Pero la crisis le ha afectado mucho y hay que recuperar esta ciudad. Por cierto soy de Plasencia. Se nota ¿no?"}
{"meta": {"id": "<built-in function hash>", "type": "comment", "source": "http://www.hoy.es/extremadura/veraneando-plasencia-20200904005622-ntvo.html"}, "text": "Me encanta cuando el autor se pone así de bilbaíno aunque le baile algún Santo Domingo al principio. ¡Qué pimientos! Y además se nota que la mañana estaba muy bien de temperatura."}
{"meta": {"id": "<built-in function hash>", "type": "article", "source": "http://www.hoy.es/caceres/cofradia-montana-suspende-20200903001017-ntvo.html", "meta": "M. J. T. cáceres. Jueves, 3 septiembre 2020, 08:12 ", "title": "La cofradía de la Montaña suspende de forma definitiva la bajada de la Virgen este año "}, "text": "Ya hay fumata blanca. La decisión está tomada. La Virgen de la Montaña no bajará este año a la ciudad debido al avance de la pandemia. Así lo decidió anoche por unanimidad la junta directiva de la hermandad como medida preventiva dada la evolución del coronavirus. La iniciativa, sin precedentes, se adoptó pasadas las 21.00 horas. De esta manera, la cofradía de la patrona de Cáceres quiere evitar que se puedan producir contagios en los actos que acompañan al novenario de la Virgen de la Montaña durante su estancia en la Concatedral de Santa María. Una de las alternativas que estaba sobre la mesa era que la Virgen bajara a la ciudad sin procesión para evitar aglomeraciones. Pero finalmente esta idea fue descartada. La bajada de la patrona estaba prevista inicialmente para el 21 de abril, pero en el mes de marzo la junta directiva decidió aplazarla a octubre debido a la irrupción de la covid-19. La cofradía tenía previsto que la Virgen llegara a la ciudad el día 20 de octubre y que estuviera en Santa María hasta el 31 para la celebración de su novenario. El pregón, que también se suspende, iba a tener lugar el día 8 del mismo mes en el Gran Teatro. El encargado de pronunciarlo era el humorista Franquete. La cofradía cacereña ha optado por no seguir la experiencia de otras poblaciones cercanas como Trujillo, donde la patrona se ha quedado sin procesión para evitar aglomeraciones pero la hermandad sí ha seguido adelante con el resto de actos. El novenario de 2020 de la Virgen de la Montaña estaba llamado a ser especial al cumplirse 50 años del nombramiento de la calle Caleros como hermana de honor de la patrona, que atraviesa esta castiza vía en su desfile de descenso. La intención de la cofradía era que el novenario estuviera dedicado a esta calle. Por otro lado, las hermandades de Semana Santa también se reunirán en breve para abordar el futuro más inmediato de la fiesta, que este año no ha celebrado ninguno de sus desfiles, incluida la Procesión Magna. El encuentro será el día 15. "}
{"meta": {"id": "<built-in function hash>", "type": "comment", "source": "http://www.hoy.es/caceres/cofradia-montana-suspende-20200903001017-ntvo.html"}, "text": "este años la santa insicion de la justica con sus amiguitos del cortijo extremeño se quedan sin paseito ."}
{"meta": {"id": "<built-in function hash>", "type": "comment", "source": "http://www.hoy.es/caceres/cofradia-montana-suspende-20200903001017-ntvo.html"}, "text": "Hala!!!!! un año perdido que no recogen el caldero  sin perras....vaya tela."}
{"meta": {"id": "<built-in function hash>", "type": "comment", "source": "http://www.hoy.es/caceres/cofradia-montana-suspende-20200903001017-ntvo.html"}, "text": "Cofrade :Pues si sigue guardando como hasta ahora ; vamos mal"}
{"meta": {"id": "<built-in function hash>", "type": "comment", "source": "http://www.hoy.es/caceres/cofradia-montana-suspende-20200903001017-ntvo.html"}, "text": "Por cierto, la flote la,junta directiva parece de otro,siglo. Y de 9 miembros, solo una mujer. Reflejo de la organización: anquilosada, decimononica y sin ser reflejo de la sociedad actual. Una secta"}
{"meta": {"id": "<built-in function hash>", "type": "comment", "source": "http://www.hoy.es/caceres/cofradia-montana-suspende-20200903001017-ntvo.html"}, "text": "Te vas a condenar..."}
{"meta": {"id": "<built-in function hash>", "type": "comment", "source": "http://www.hoy.es/caceres/cofradia-montana-suspende-20200903001017-ntvo.html"}, "text": "Difícil? Yo creo que la cosa era bastante fácil. Dejen de mover a los santos de una vez y quien quiera rezar a sus ídolos de madera que suba al monte. Pesados son…"}
{"meta": {"id": "<built-in function hash>", "type": "comment", "source": "http://www.hoy.es/caceres/cofradia-montana-suspende-20200903001017-ntvo.html"}, "text": "Como nos fastidia que por mucho que digan que es un estado laico y aconfesional la iglesia esta claramente representada y asentada en la vida cotidiana de todos nosotros eeehh. A que fastidia amigo... Pues ajo y agua, y alomejor el que haría bien tirándose a vivir a la montaña seas tu, así estarás libre de interaccionar con la vida religiosa del día a día... Porque por mucho que te... la iglesia ha estado, esta y seguirá estando"}
{"meta": {"id": "<built-in function hash>", "type": "comment", "source": "http://www.hoy.es/caceres/cofradia-montana-suspende-20200903001017-ntvo.html"}, "text": "VElaí, leyendo tu respuesta, no se quien se molesta mas, pero en fin cada cual defiende su fobia, o su filia, este es un país libre, de momento....fin"}
{"meta": {"id": "<built-in function hash>", "type": "comment", "source": "http://www.hoy.es/caceres/cofradia-montana-suspende-20200903001017-ntvo.html"}, "text": "A que el buda te encanta?"}
{"meta": {"id": "<built-in function hash>", "type": "comment", "source": "http://www.hoy.es/caceres/cofradia-montana-suspende-20200903001017-ntvo.html"}, "text": "Una decisión sensata y lógico corriendo los tiempos actuales. Una pena, por lo menos para mi, pero este año mejor que nos guarde desde lo alto de sus santuario, esperando tiempos mejores. Enhorabuena por la dificil decisión tomada a la Junta de Gobierno."}
{"meta": {"id": "<built-in function hash>", "type": "article", "source": "http://www.hoy.es/caceres/rodaje-caceres-serie-20200903001018-ntvo.html", "meta": "MARÍA JOSÉ TORREJÓN Cáceres Jueves, 3 septiembre 2020, 08:11 ", "title": "El rodaje en Cáceres de la serie sobre Francisco de Asís contará con 300 extras locales "}, "text": "La ficción vuelve a las calles de la Ciudad Monumental. En este caso lo hace de la mano de una superproducción de época basada en la figura de San Francisco de Asís. La firma de José Luis Moreno, Dream Light, busca 300 extras locales para participar en el rodaje que arrancará en la parte antigua el próximo lunes, día 7, y que se prolongará hasta el 18 de septiembre. El casting, que será virtual, ya está en marcha. La convocatoria está dirigida a hombres y mujeres mayores de 18 años. Los aspirantes deben tener un corte de pelo clásico. No pueden estar rapados, ni lucir tintes, ni piercings, ni tatuajes visibles. El trabajo se remunerará según el convenio y los figurantes serán dados de alta en la Seguridad Social, según informa Temps Show Business, la empresa encargada de realizar la selección. Los interesados deben enviar un correo electrónico a la dirección casting4@temps.es con su nombre completo y teléfono de contacto, foto de cara y cuerpo entero, edad, talla y altura. Por razones de movilidad la empresa busca solamente a residentes en Cáceres o alrededores con el fin de que puedan trasladarse al rodaje por sus propios medios. La selección de figurantes está abierta; los aspirantes no pueden tener el pelo teñido, piercings o tatuajes visibles La serie, que produce y dirige el conocido ventrílocuo, se llama Glow and Darkness (Resplandor y Oscuridad) y cuenta con un ambicioso presupuesto: casi seis millones de euros por episodio. Está ambientada en el siglo XIII y se estructura en tres temporadas. En su reparto hay estrellas internacionales como Jane Seymour ( La doctora Queen ) y Denise Richards ( Juegos Salvajes ), y nombres del cine español como Eduardo Noriega y Fernando Gil. El actor británico Dominic Andersen ( The Crown ) será el encargado de dar vida al santo. Entre los últimos fichajes de Moreno está la galardonada Joan Collins, recordada por su papel protagonista en la serie Dinastía . De momento, la productora no ha comunicado qué actores rodarán en Cáceres. Tampoco se ha facilitado información sobre los enclaves elegidos de la Ciudad Monumental. El Ayuntamiento opta por no dar detalles sobre las localizaciones, puesto que no se admitirá público en la grabación debido al coronavirus y las medidas de seguridad. El rodaje de Glow and Darkness es el primero que recala en la capital desde que se declaró la pandemia. Las últimas grabaciones que ha acogido Cáceres han sido de sello nacional. Hace un año la ciudad intramuros fue testigo del rodaje de la serie Inés del alma mía , protagonizada por Elena Rivera y Eduardo Noriega. Antes, en el mes de marzo, Gracia Querejeta eligió el Parque del Príncipe para filmar Invisibles con Emma Suárez, Adriana Ozores y Natalie Poza en el reparto. La serie Glow and Darkness comenzó a grabarse a principios de año pero tuvo que interrumpirse por la pandemia. Se rodará íntegramente en inglés y filmará en Italia, Francia, Marruecos, Egipto y España. Antes de recalar en Cáceres, el equipo de la producción ha pasado por Córdoba y Peñaranda de Duero (Burgos), entre otras localizaciones. Aunque la serie, ambientada en la Edad Media, girará en torno a la figura de Francisco de Asís, también se aproximará a otros personajes históricos como Ricardo Corazón de León y Leonor de Aquitania. José Luis Alcaine es el director de fotografía. "}
{"meta": {"id": "<built-in function hash>", "type": "comment", "source": "http://www.hoy.es/caceres/rodaje-caceres-serie-20200903001018-ntvo.html"}, "text": "¡Si San Francisco de Asís levantara la cabeza!."}
{"meta": {"id": "<built-in function hash>", "type": "comment", "source": "http://www.hoy.es/caceres/rodaje-caceres-serie-20200903001018-ntvo.html"}, "text": "Este comentario ha sido eliminado"}
{"meta": {"id": "<built-in function hash>", "type": "comment", "source": "http://www.hoy.es/caceres/rodaje-caceres-serie-20200903001018-ntvo.html"}, "text": "A ver si el santo hace un milagro y encuentras un diccionario"}
{"meta": {"id": "<built-in function hash>", "type": "comment", "source": "http://www.hoy.es/caceres/rodaje-caceres-serie-20200903001018-ntvo.html"}, "text": "¿POR QUÉ EL MAQUILLADOR NO LLEVA MASCARILLA?"}
{"meta": {"id": "<built-in function hash>", "type": "comment", "source": "http://www.hoy.es/caceres/rodaje-caceres-serie-20200903001018-ntvo.html"}, "text": "Porque son extranjeros , y la mascarilla sólo hace efecto con los españoles. O has visto algún país donde no se use la mascarilla en todo momento que tenga menos contagios que aquí ?? Ohh espera !!!"}
{"meta": {"id": "<built-in function hash>", "type": "comment", "source": "http://www.hoy.es/caceres/rodaje-caceres-serie-20200903001018-ntvo.html"}, "text": "-Hay un rodaje en la parte antigua. -Si?, habra que ir a verlo no? -No, si es como masterchef que estaba todo el mundo apelotonado yo no voy. -Masterchef se le fue de las manos,este rodaje estará controlado. -Ahh vale."}
{"meta": {"id": "<built-in function hash>", "type": "comment", "source": "http://www.hoy.es/caceres/rodaje-caceres-serie-20200903001018-ntvo.html"}, "text": "A quien se le ocurre grabar en estas condiciones y lo mas grave como se atreve el ayuntamiento a semejante permiso... No me creo yo que 300 extras mas actores del reparto mas cámaras mas técnicos de sonido mas maquilladoras y peluqueras mas responsable de atrezzo mas guionistas mas regidores mas catering mas... Todo a ellos estés a mas de un metro y medio de distancia... Me extraña y mucho... Espero que esto no sea foco de rebrote y que por 10 días de rodaje nos veamos afectados todos... Y lo digo yo que en otras ocasiones he tenido el placer de participar en varios de ellos..."}
{"meta": {"id": "<built-in function hash>", "type": "comment", "source": "http://www.hoy.es/caceres/rodaje-caceres-serie-20200903001018-ntvo.html"}, "text": "Pues pcr todos los días..."}
{"meta": {"id": "<built-in function hash>", "type": "comment", "source": "http://www.hoy.es/caceres/rodaje-caceres-serie-20200903001018-ntvo.html"}, "text": "Y si hay un positivo usted se cree que van a parar el rodaje y poner a los 300/500 que sean en cuarentena?  Se lo explico se van a agarrar a la dispensa que se ha dado a televisiones, a equipos de fútbol y a algunos eventos que, como dejan dinero, se les permite. Usted y yo a llevar mascarilla en medio de la plaza solos a 43º, porque no dejamos dinero. Es lo que hay."}
{"meta": {"id": "<built-in function hash>", "type": "comment", "source": "http://www.hoy.es/caceres/rodaje-caceres-serie-20200903001018-ntvo.html"}, "text": "Muchos datos sobre la producción, pero... ¿Cuales serán las medidas de seguridad para esos 300 figurantes?"}
{"meta": {"id": "<built-in function hash>", "type": "comment", "source": "http://www.hoy.es/caceres/rodaje-caceres-serie-20200903001018-ntvo.html"}, "text": "Se lo digo yo, no va a haberlas. No es que haya distancia o no, es que a día de hoy es obligatorio llevar mascarilla con o sin distancia en espacio público, y obviamente en la Edad Media ó así no había mascarillas, así que no van a filmar así. Es dinero, contratos, publicidad para la ciudad, etc Alfombra de oro. Poderoso caballero...."}
{"meta": {"id": "<built-in function hash>", "type": "comment", "source": "http://www.hoy.es/caceres/rodaje-caceres-serie-20200903001018-ntvo.html"}, "text": "¿Y van a filmar a los actores y extras con mascarillas? Porque es obligatorio llevarlas por la calle, ¿no?"}
